,Datos,Tiempo,Tiempo de integraci√≥n [ms],Polarizacion grande,Polarizacion chica,Resistencia
0,-0.025,0.00048000000000000007,5.0,40.0,0.0,50.0
1,-0.024980000000000002,0.00048000000000000007,,,,
2,-0.024960000000000003,0.00064,,,,
3,-0.02494,0.00088,,,,
4,-0.02492,0.00032,,,,
5,-0.024900000000000002,0.00072,,,,
6,-0.024880000000000003,0.00064,,,,
7,-0.02486,0.0005600000000000001,,,,
8,-0.02484,0.0005600000000000001,,,,
9,-0.024820000000000002,0.00088,,,,
10,-0.024800000000000003,0.00016,,,,
11,-0.02478,0.00072,,,,
12,-0.02476,0.00072,,,,
13,-0.02474,0.00088,,,,
14,-0.024720000000000002,8e-05,,,,
15,-0.0247,0.00072,,,,
16,-0.02468,0.00064,,,,
17,-0.02466,0.00064,,,,
18,-0.024640000000000002,0.00048000000000000007,,,,
19,-0.024620000000000003,0.0010400000000000001,,,,
20,-0.0246,0.00064,,,,
21,-0.02458,0.00048000000000000007,,,,
22,-0.024560000000000002,0.00072,,,,
23,-0.024540000000000003,0.00048000000000000007,,,,
24,-0.02452,0.00048000000000000007,,,,
25,-0.0245,0.0005600000000000001,,,,
26,-0.024480000000000002,0.00016,,,,
27,-0.024460000000000003,0.00024000000000000003,,,,
28,-0.02444,0.00032,,,,
29,-0.02442,0.00032,,,,
30,-0.0244,0.00088,,,,
31,-0.024380000000000002,0.00048000000000000007,,,,
32,-0.02436,0.00048000000000000007,,,,
33,-0.02434,0.0008,,,,
34,-0.02432,0.0004,,,,
35,-0.024300000000000002,0.00032,,,,
36,-0.024280000000000003,0.00024000000000000003,,,,
37,-0.02426,0.0,,,,
38,-0.02424,0.0004,,,,
39,-0.024220000000000002,0.00024000000000000003,,,,
40,-0.024200000000000003,0.0010400000000000001,,,,
41,-0.02418,0.00048000000000000007,,,,
42,-0.02416,0.00072,,,,
43,-0.02414,0.00072,,,,
44,-0.024120000000000003,0.00064,,,,
45,-0.0241,0.0005600000000000001,,,,
46,-0.02408,0.00032,,,,
47,-0.02406,0.00064,,,,
48,-0.024040000000000002,0.0004,,,,
49,-0.02402,0.0004,,,,
50,-0.024,8e-05,,,,
51,-0.02398,0.00072,,,,
52,-0.023960000000000002,0.00072,,,,
53,-0.023940000000000003,0.00024000000000000003,,,,
54,-0.02392,0.00048000000000000007,,,,
55,-0.0239,0.00048000000000000007,,,,
56,-0.023880000000000002,0.00048000000000000007,,,,
57,-0.023860000000000003,0.00024000000000000003,,,,
58,-0.02384,0.0004,,,,
59,-0.02382,0.0009600000000000001,,,,
60,-0.0238,0.00032,,,,
61,-0.023780000000000003,0.0005600000000000001,,,,
62,-0.02376,0.0008,,,,
63,-0.02374,0.00032,,,,
64,-0.02372,0.00048000000000000007,,,,
65,-0.023700000000000002,0.0,,,,
66,-0.02368,0.00048000000000000007,,,,
67,-0.02366,0.00016,,,,
68,-0.02364,0.00072,,,,
69,-0.023620000000000002,0.00024000000000000003,,,,
70,-0.023600000000000003,0.00064,,,,
71,-0.02358,0.00032,,,,
72,-0.02356,0.0004,,,,
73,-0.023540000000000002,0.00048000000000000007,,,,
74,-0.023520000000000003,0.00072,,,,
75,-0.0235,0.00072,,,,
76,-0.02348,0.00032,,,,
77,-0.02346,0.00064,,,,
78,-0.023440000000000003,0.00072,,,,
79,-0.02342,0.00072,,,,
80,-0.0234,0.00048000000000000007,,,,
81,-0.02338,0.00064,,,,
82,-0.023360000000000002,0.0005600000000000001,,,,
83,-0.02334,0.00072,,,,
84,-0.02332,0.0004,,,,
85,-0.0233,0.0005600000000000001,,,,
86,-0.023280000000000002,0.0008,,,,
87,-0.023260000000000003,0.00072,,,,
88,-0.02324,0.00072,,,,
89,-0.02322,0.0004,,,,
90,-0.023200000000000002,0.0009600000000000001,,,,
91,-0.023180000000000003,0.0004,,,,
92,-0.02316,0.00064,,,,
93,-0.02314,0.0005600000000000001,,,,
94,-0.02312,0.00032,,,,
95,-0.023100000000000002,0.00024000000000000003,,,,
96,-0.02308,0.0010400000000000001,,,,
97,-0.02306,0.0004,,,,
98,-0.02304,8e-05,,,,
99,-0.023020000000000002,0.00072,,,,
100,-0.023,0.00072,,,,
101,-0.02298,0.00064,,,,
102,-0.02296,0.00048000000000000007,,,,
103,-0.022940000000000002,0.0005600000000000001,,,,
104,-0.022920000000000003,0.0010400000000000001,,,,
105,-0.0229,0.00048000000000000007,,,,
106,-0.02288,0.00024000000000000003,,,,
107,-0.022860000000000002,0.00048000000000000007,,,,
108,-0.022840000000000003,0.00032,,,,
109,-0.02282,0.00072,,,,
110,-0.0228,0.00048000000000000007,,,,
111,-0.02278,0.00048000000000000007,,,,
112,-0.022760000000000002,0.0004,,,,
113,-0.02274,0.00024000000000000003,,,,
114,-0.02272,0.0004,,,,
115,-0.0227,0.00048000000000000007,,,,
116,-0.022680000000000002,0.0005600000000000001,,,,
117,-0.02266,0.00048000000000000007,,,,
118,-0.02264,0.00032,,,,
119,-0.02262,0.00064,,,,
120,-0.022600000000000002,0.00016,,,,
121,-0.022580000000000003,0.00048000000000000007,,,,
122,-0.02256,0.00048000000000000007,,,,
123,-0.02254,0.00064,,,,
124,-0.022520000000000002,0.00024000000000000003,,,,
125,-0.022500000000000003,0.00072,,,,
126,-0.02248,0.00072,,,,
127,-0.02246,0.0008,,,,
128,-0.02244,0.00024000000000000003,,,,
129,-0.022420000000000002,0.00048000000000000007,,,,
130,-0.0224,0.0005600000000000001,,,,
131,-0.02238,0.00072,,,,
132,-0.02236,0.00072,,,,
133,-0.022340000000000002,0.00088,,,,
134,-0.02232,0.00072,,,,
135,-0.0223,0.00048000000000000007,,,,
136,-0.02228,0.0005600000000000001,,,,
137,-0.022260000000000002,0.00072,,,,
138,-0.022240000000000003,0.00088,,,,
139,-0.02222,0.0010400000000000001,,,,
140,-0.0222,0.0004,,,,
141,-0.022180000000000002,0.00024000000000000003,,,,
142,-0.022160000000000003,0.00072,,,,
143,-0.02214,0.00072,,,,
144,-0.02212,0.0009600000000000001,,,,
145,-0.0221,0.00088,,,,
146,-0.022080000000000002,0.00072,,,,
147,-0.02206,0.0008,,,,
148,-0.02204,0.00048000000000000007,,,,
149,-0.02202,0.00048000000000000007,,,,
150,-0.022000000000000002,0.00024000000000000003,,,,
151,-0.02198,0.00032,,,,
152,-0.02196,0.00032,,,,
153,-0.02194,0.00048000000000000007,,,,
154,-0.021920000000000002,0.00024000000000000003,,,,
155,-0.021900000000000003,0.00064,,,,
156,-0.02188,0.00048000000000000007,,,,
157,-0.02186,0.0005600000000000001,,,,
158,-0.021840000000000002,0.00048000000000000007,,,,
159,-0.021820000000000003,0.00024000000000000003,,,,
160,-0.0218,0.00048000000000000007,,,,
161,-0.02178,0.0005600000000000001,,,,
162,-0.02176,0.00048000000000000007,,,,
163,-0.021740000000000002,0.0004,,,,
164,-0.02172,0.00048000000000000007,,,,
165,-0.0217,0.0005600000000000001,,,,
166,-0.02168,0.00072,,,,
167,-0.021660000000000002,0.00048000000000000007,,,,
168,-0.02164,0.0008,,,,
169,-0.02162,0.00048000000000000007,,,,
170,-0.0216,0.00048000000000000007,,,,
171,-0.021580000000000002,0.0005600000000000001,,,,
172,-0.021560000000000003,0.00088,,,,
173,-0.02154,0.00048000000000000007,,,,
174,-0.02152,0.0008,,,,
175,-0.021500000000000002,0.00032,,,,
176,-0.021480000000000003,0.00016,,,,
177,-0.02146,0.00032,,,,
178,-0.02144,0.0004,,,,
179,-0.02142,0.00032,,,,
180,-0.021400000000000002,0.00064,,,,
181,-0.02138,0.0004,,,,
182,-0.02136,0.00088,,,,
183,-0.02134,0.00048000000000000007,,,,
184,-0.021320000000000002,0.0005600000000000001,,,,
185,-0.0213,0.00048000000000000007,,,,
186,-0.02128,0.00024000000000000003,,,,
187,-0.02126,0.00088,,,,
188,-0.021240000000000002,0.00048000000000000007,,,,
189,-0.021220000000000003,0.00072,,,,
190,-0.0212,0.0008,,,,
191,-0.02118,0.0005600000000000001,,,,
192,-0.02116,0.0008,,,,
193,-0.021140000000000003,0.0004,,,,
194,-0.02112,0.0005600000000000001,,,,
195,-0.0211,0.00064,,,,
196,-0.02108,0.00024000000000000003,,,,
197,-0.021060000000000002,0.00032,,,,
198,-0.021040000000000003,0.00048000000000000007,,,,
199,-0.02102,0.0010400000000000001,,,,
200,-0.021,0.0004,,,,
201,-0.020980000000000002,0.00072,,,,
202,-0.02096,0.0005600000000000001,,,,
203,-0.02094,0.0005600000000000001,,,,
204,-0.02092,0.00072,,,,
205,-0.020900000000000002,-8e-05,,,,
206,-0.020880000000000003,0.00048000000000000007,,,,
207,-0.02086,0.0005600000000000001,,,,
208,-0.02084,0.00024000000000000003,,,,
209,-0.02082,0.00072,,,,
210,-0.0208,0.00064,,,,
211,-0.02078,0.00088,,,,
212,-0.02076,0.00024000000000000003,,,,
213,-0.02074,0.00024000000000000003,,,,
214,-0.020720000000000002,0.00072,,,,
215,-0.020700000000000003,0.00048000000000000007,,,,
216,-0.02068,0.0005600000000000001,,,,
217,-0.02066,0.0005600000000000001,,,,
218,-0.020640000000000002,0.0008,,,,
219,-0.02062,0.00072,,,,
220,-0.0206,0.00048000000000000007,,,,
221,-0.02058,0.00048000000000000007,,,,
222,-0.020560000000000002,0.00048000000000000007,,,,
223,-0.020540000000000003,0.00064,,,,
224,-0.02052,0.00048000000000000007,,,,
225,-0.0205,0.00032,,,,
226,-0.02048,0.00016,,,,
227,-0.02046,0.00072,,,,
228,-0.02044,0.0005600000000000001,,,,
229,-0.02042,0.00064,,,,
230,-0.0204,0.0005600000000000001,,,,
231,-0.020380000000000002,0.00016,,,,
232,-0.020360000000000003,0.0009600000000000001,,,,
233,-0.02034,0.00048000000000000007,,,,
234,-0.02032,0.00072,,,,
235,-0.020300000000000002,0.0004,,,,
236,-0.02028,0.00048000000000000007,,,,
237,-0.02026,0.0004,,,,
238,-0.02024,0.00072,,,,
239,-0.020220000000000002,0.0005600000000000001,,,,
240,-0.020200000000000003,0.00048000000000000007,,,,
241,-0.02018,0.00088,,,,
242,-0.02016,0.00072,,,,
243,-0.02014,0.00024000000000000003,,,,
244,-0.02012,0.00032,,,,
245,-0.0201,0.00048000000000000007,,,,
246,-0.02008,0.0005600000000000001,,,,
247,-0.02006,0.00024000000000000003,,,,
248,-0.020040000000000002,0.00088,,,,
249,-0.020020000000000003,0.00016,,,,
250,-0.02,0.00048000000000000007,,,,
251,-0.01998,0.0005600000000000001,,,,
252,-0.019960000000000002,0.0004,,,,
253,-0.01994,0.00032,,,,
254,-0.01992,0.00064,,,,
255,-0.0199,0.00088,,,,
256,-0.019880000000000002,0.00064,,,,
257,-0.019860000000000003,0.00088,,,,
258,-0.01984,0.00024000000000000003,,,,
259,-0.01982,0.0008,,,,
260,-0.0198,0.00072,,,,
261,-0.01978,0.00072,,,,
262,-0.01976,0.0005600000000000001,,,,
263,-0.01974,8e-05,,,,
264,-0.01972,0.0,,,,
265,-0.019700000000000002,0.00048000000000000007,,,,
266,-0.019680000000000003,0.00016,,,,
267,-0.01966,0.00072,,,,
268,-0.01964,0.00032,,,,
269,-0.019620000000000002,0.0010400000000000001,,,,
270,-0.0196,0.00032,,,,
271,-0.01958,0.0004,,,,
272,-0.01956,0.00072,,,,
273,-0.019540000000000002,0.0004,,,,
274,-0.019520000000000003,0.00048000000000000007,,,,
275,-0.0195,0.0011200000000000001,,,,
276,-0.01948,0.0005600000000000001,,,,
277,-0.01946,0.00048000000000000007,,,,
278,-0.01944,0.00024000000000000003,,,,
279,-0.01942,-8e-05,,,,
280,-0.0194,0.0005600000000000001,,,,
281,-0.01938,0.0004,,,,
282,-0.019360000000000002,0.00024000000000000003,,,,
283,-0.019340000000000003,0.00048000000000000007,,,,
284,-0.01932,0.0005600000000000001,,,,
285,-0.0193,0.00048000000000000007,,,,
286,-0.019280000000000002,0.0005600000000000001,,,,
287,-0.01926,0.00048000000000000007,,,,
288,-0.01924,0.0004,,,,
289,-0.01922,0.00032,,,,
290,-0.019200000000000002,0.00048000000000000007,,,,
291,-0.019180000000000003,0.00032,,,,
292,-0.01916,0.00088,,,,
293,-0.01914,0.0004,,,,
294,-0.01912,0.00032,,,,
295,-0.0191,0.00048000000000000007,,,,
296,-0.01908,0.00048000000000000007,,,,
297,-0.01906,0.00048000000000000007,,,,
298,-0.01904,0.0005600000000000001,,,,
299,-0.019020000000000002,0.0,,,,
300,-0.019000000000000003,0.00032,,,,
301,-0.01898,0.0008,,,,
302,-0.01896,0.00072,,,,
303,-0.018940000000000002,0.00016,,,,
304,-0.01892,0.00032,,,,
305,-0.0189,0.00048000000000000007,,,,
306,-0.01888,0.00032,,,,
307,-0.018860000000000002,0.00032,,,,
308,-0.018840000000000003,0.0008,,,,
309,-0.01882,0.00048000000000000007,,,,
310,-0.0188,0.00024000000000000003,,,,
311,-0.01878,0.00048000000000000007,,,,
312,-0.01876,0.0009600000000000001,,,,
313,-0.01874,0.00024000000000000003,,,,
314,-0.01872,0.0004,,,,
315,-0.0187,0.0008,,,,
316,-0.018680000000000002,0.00072,,,,
317,-0.018660000000000003,0.00024000000000000003,,,,
318,-0.01864,0.0005600000000000001,,,,
319,-0.01862,0.00048000000000000007,,,,
320,-0.018600000000000002,0.00024000000000000003,,,,
321,-0.01858,0.00064,,,,
322,-0.01856,0.0005600000000000001,,,,
323,-0.01854,0.00048000000000000007,,,,
324,-0.018520000000000002,8e-05,,,,
325,-0.018500000000000003,0.00024000000000000003,,,,
326,-0.01848,0.00048000000000000007,,,,
327,-0.01846,0.00048000000000000007,,,,
328,-0.01844,0.00064,,,,
329,-0.01842,0.0005600000000000001,,,,
330,-0.0184,0.00032,,,,
331,-0.01838,0.0005600000000000001,,,,
332,-0.01836,0.0004,,,,
333,-0.018340000000000002,0.00072,,,,
334,-0.018320000000000003,0.0005600000000000001,,,,
335,-0.0183,0.00064,,,,
336,-0.01828,0.00048000000000000007,,,,
337,-0.018260000000000002,0.0005600000000000001,,,,
338,-0.01824,0.00032,,,,
339,-0.01822,0.00072,,,,
340,-0.0182,0.00072,,,,
341,-0.01818,0.00088,,,,
342,-0.018160000000000003,0.0005600000000000001,,,,
343,-0.01814,0.00072,,,,
344,-0.01812,0.00064,,,,
345,-0.0181,0.0011200000000000001,,,,
346,-0.01808,0.00064,,,,
347,-0.01806,0.00032,,,,
348,-0.01804,0.00064,,,,
349,-0.01802,0.00088,,,,
350,-0.018000000000000002,0.00064,,,,
351,-0.017980000000000003,0.00064,,,,
352,-0.01796,0.00048000000000000007,,,,
353,-0.01794,0.00072,,,,
354,-0.017920000000000002,0.00072,,,,
355,-0.0179,0.00032,,,,
356,-0.01788,0.00072,,,,
357,-0.01786,0.0005600000000000001,,,,
358,-0.01784,0.00088,,,,
359,-0.017820000000000003,0.0004,,,,
360,-0.0178,0.00072,,,,
361,-0.01778,8e-05,,,,
362,-0.01776,0.00072,,,,
363,-0.01774,0.0,,,,
364,-0.01772,0.00072,,,,
365,-0.0177,0.00032,,,,
366,-0.01768,0.00032,,,,
367,-0.017660000000000002,0.0008,,,,
368,-0.017640000000000003,0.0008,,,,
369,-0.01762,0.0005600000000000001,,,,
370,-0.0176,0.00032,,,,
371,-0.017580000000000002,0.00088,,,,
372,-0.01756,0.0005600000000000001,,,,
373,-0.01754,0.0005600000000000001,,,,
374,-0.01752,0.00064,,,,
375,-0.0175,0.00048000000000000007,,,,
376,-0.017480000000000002,0.00024000000000000003,,,,
377,-0.01746,0.00016,,,,
378,-0.01744,0.0005600000000000001,,,,
379,-0.01742,0.0004,,,,
380,-0.0174,0.00072,,,,
381,-0.01738,0.00064,,,,
382,-0.01736,0.00048000000000000007,,,,
383,-0.01734,0.00024000000000000003,,,,
384,-0.017320000000000002,0.00072,,,,
385,-0.017300000000000003,0.0004,,,,
386,-0.01728,0.00048000000000000007,,,,
387,-0.01726,0.00016,,,,
388,-0.017240000000000002,0.00048000000000000007,,,,
389,-0.01722,0.00072,,,,
390,-0.0172,0.00024000000000000003,,,,
391,-0.01718,0.00072,,,,
392,-0.01716,0.0004,,,,
393,-0.017140000000000002,0.00032,,,,
394,-0.017120000000000003,0.00024000000000000003,,,,
395,-0.0171,0.0004,,,,
396,-0.01708,0.0005600000000000001,,,,
397,-0.01706,0.0005600000000000001,,,,
398,-0.01704,0.0009600000000000001,,,,
399,-0.01702,0.00072,,,,
400,-0.017,0.00048000000000000007,,,,
401,-0.016980000000000002,0.0009600000000000001,,,,
402,-0.016960000000000003,0.00024000000000000003,,,,
403,-0.01694,0.0004,,,,
404,-0.01692,0.0011200000000000001,,,,
405,-0.0169,0.00048000000000000007,,,,
406,-0.01688,0.0004,,,,
407,-0.01686,0.00088,,,,
408,-0.01684,0.00048000000000000007,,,,
409,-0.01682,0.00048000000000000007,,,,
410,-0.016800000000000002,0.0008,,,,
411,-0.016780000000000003,0.00048000000000000007,,,,
412,-0.01676,0.00024000000000000003,,,,
413,-0.01674,0.00024000000000000003,,,,
414,-0.01672,0.00048000000000000007,,,,
415,-0.0167,0.0008,,,,
416,-0.01668,0.00072,,,,
417,-0.01666,0.00064,,,,
418,-0.016640000000000002,0.00016,,,,
419,-0.016620000000000003,0.00032,,,,
420,-0.0166,0.00048000000000000007,,,,
421,-0.01658,0.00048000000000000007,,,,
422,-0.01656,0.00048000000000000007,,,,
423,-0.01654,0.0005600000000000001,,,,
424,-0.01652,0.00024000000000000003,,,,
425,-0.0165,0.00064,,,,
426,-0.01648,0.00048000000000000007,,,,
427,-0.016460000000000002,0.0008,,,,
428,-0.016440000000000003,0.00072,,,,
429,-0.01642,0.00048000000000000007,,,,
430,-0.0164,0.00048000000000000007,,,,
431,-0.01638,0.00064,,,,
432,-0.01636,0.0004,,,,
433,-0.01634,0.00048000000000000007,,,,
434,-0.01632,0.00064,,,,
435,-0.016300000000000002,0.0008,,,,
436,-0.016280000000000003,0.00048000000000000007,,,,
437,-0.01626,0.00064,,,,
438,-0.01624,0.0010400000000000001,,,,
439,-0.01622,0.00064,,,,
440,-0.0162,0.00088,,,,
441,-0.01618,0.00072,,,,
442,-0.01616,0.0005600000000000001,,,,
443,-0.01614,0.00048000000000000007,,,,
444,-0.016120000000000002,0.00048000000000000007,,,,
445,-0.016100000000000003,0.00072,,,,
446,-0.01608,0.00032,,,,
447,-0.01606,0.00016,,,,
448,-0.01604,0.00072,,,,
449,-0.01602,0.00048000000000000007,,,,
450,-0.016,0.00064,,,,
451,-0.01598,0.0008,,,,
452,-0.015960000000000002,0.00048000000000000007,,,,
453,-0.015940000000000003,0.00048000000000000007,,,,
454,-0.01592,0.00088,,,,
455,-0.0159,0.00032,,,,
456,-0.01588,0.00072,,,,
457,-0.01586,0.00024000000000000003,,,,
458,-0.01584,0.0004,,,,
459,-0.01582,0.0005600000000000001,,,,
460,-0.0158,0.00072,,,,
461,-0.015780000000000002,0.00072,,,,
462,-0.015760000000000003,0.00048000000000000007,,,,
463,-0.01574,0.00064,,,,
464,-0.01572,0.00048000000000000007,,,,
465,-0.0157,0.0005600000000000001,,,,
466,-0.01568,0.0005600000000000001,,,,
467,-0.01566,0.0005600000000000001,,,,
468,-0.01564,0.00064,,,,
469,-0.01562,0.00048000000000000007,,,,
470,-0.015600000000000001,0.0005600000000000001,,,,
471,-0.01558,0.00072,,,,
472,-0.015560000000000001,0.0005600000000000001,,,,
473,-0.01554,0.00072,,,,
474,-0.01552,0.00064,,,,
475,-0.0155,0.00032,,,,
476,-0.01548,0.00016,,,,
477,-0.01546,0.00048000000000000007,,,,
478,-0.01544,0.0005600000000000001,,,,
479,-0.015420000000000001,0.00072,,,,
480,-0.0154,0.0008,,,,
481,-0.015380000000000001,0.00048000000000000007,,,,
482,-0.01536,0.00048000000000000007,,,,
483,-0.015340000000000001,0.00064,,,,
484,-0.01532,0.00072,,,,
485,-0.015300000000000001,0.00024000000000000003,,,,
486,-0.01528,0.0012000000000000001,,,,
487,-0.015260000000000001,0.00072,,,,
488,-0.01524,0.00016,,,,
489,-0.015220000000000001,0.00072,,,,
490,-0.0152,0.0005600000000000001,,,,
491,-0.01518,0.00072,,,,
492,-0.01516,0.00024000000000000003,,,,
493,-0.01514,0.00072,,,,
494,-0.01512,0.0005600000000000001,,,,
495,-0.0151,0.0004,,,,
496,-0.015080000000000001,0.00048000000000000007,,,,
497,-0.01506,0.0010400000000000001,,,,
498,-0.015040000000000001,0.00088,,,,
499,-0.01502,0.00048000000000000007,,,,
500,-0.015000000000000001,0.00032,,,,
501,-0.01498,0.00024000000000000003,,,,
502,-0.014960000000000001,0.0005600000000000001,,,,
503,-0.01494,0.0009600000000000001,,,,
504,-0.014920000000000001,0.00024000000000000003,,,,
505,-0.0149,0.00024000000000000003,,,,
506,-0.01488,0.00024000000000000003,,,,
507,-0.01486,0.00088,,,,
508,-0.01484,0.00048000000000000007,,,,
509,-0.01482,0.00072,,,,
510,-0.0148,0.00064,,,,
511,-0.01478,0.00064,,,,
512,-0.01476,0.00048000000000000007,,,,
513,-0.014740000000000001,0.00072,,,,
514,-0.01472,0.00024000000000000003,,,,
515,-0.014700000000000001,0.00016,,,,
516,-0.01468,0.00072,,,,
517,-0.014660000000000001,0.0004,,,,
518,-0.01464,0.00072,,,,
519,-0.014620000000000001,0.0004,,,,
520,-0.0146,0.00072,,,,
521,-0.014580000000000001,0.00088,,,,
522,-0.01456,0.00072,,,,
523,-0.01454,0.0004,,,,
524,-0.01452,0.00072,,,,
525,-0.0145,0.0004,,,,
526,-0.01448,0.00072,,,,
527,-0.01446,0.00048000000000000007,,,,
528,-0.01444,0.00048000000000000007,,,,
529,-0.01442,0.00048000000000000007,,,,
530,-0.014400000000000001,0.0010400000000000001,,,,
531,-0.01438,0.00088,,,,
532,-0.014360000000000001,0.00072,,,,
533,-0.01434,0.0004,,,,
534,-0.014320000000000001,0.00016,,,,
535,-0.0143,0.00072,,,,
536,-0.014280000000000001,0.0005600000000000001,,,,
537,-0.01426,0.0005600000000000001,,,,
538,-0.014240000000000001,0.00048000000000000007,,,,
539,-0.01422,0.00072,,,,
540,-0.0142,0.00032,,,,
541,-0.01418,0.00032,,,,
542,-0.01416,0.00048000000000000007,,,,
543,-0.01414,0.00048000000000000007,,,,
544,-0.01412,0.00064,,,,
545,-0.0141,0.00064,,,,
546,-0.01408,0.00032,,,,
547,-0.014060000000000001,0.00048000000000000007,,,,
548,-0.01404,0.00032,,,,
549,-0.014020000000000001,0.00048000000000000007,,,,
550,-0.014,0.00016,,,,
551,-0.013980000000000001,0.00024000000000000003,,,,
552,-0.01396,0.00072,,,,
553,-0.013940000000000001,0.00024000000000000003,,,,
554,-0.01392,0.00048000000000000007,,,,
555,-0.013900000000000001,0.0004,,,,
556,-0.01388,0.0005600000000000001,,,,
557,-0.01386,0.00072,,,,
558,-0.01384,0.00072,,,,
559,-0.01382,0.00048000000000000007,,,,
560,-0.0138,0.0005600000000000001,,,,
561,-0.01378,0.0010400000000000001,,,,
562,-0.01376,0.00024000000000000003,,,,
563,-0.01374,0.00032,,,,
564,-0.013720000000000001,0.00064,,,,
565,-0.0137,0.00048000000000000007,,,,
566,-0.013680000000000001,0.00072,,,,
567,-0.01366,0.00072,,,,
568,-0.013640000000000001,0.00024000000000000003,,,,
569,-0.01362,0.0005600000000000001,,,,
570,-0.013600000000000001,0.0005600000000000001,,,,
571,-0.01358,0.00048000000000000007,,,,
572,-0.013560000000000001,0.0005600000000000001,,,,
573,-0.01354,0.00072,,,,
574,-0.01352,0.00024000000000000003,,,,
575,-0.0135,0.00064,,,,
576,-0.01348,0.00072,,,,
577,-0.01346,0.00024000000000000003,,,,
578,-0.01344,0.00024000000000000003,,,,
579,-0.01342,0.00072,,,,
580,-0.0134,0.0008,,,,
581,-0.013380000000000001,0.0004,,,,
582,-0.01336,0.00032,,,,
583,-0.013340000000000001,0.00024000000000000003,,,,
584,-0.01332,0.00048000000000000007,,,,
585,-0.013300000000000001,0.00088,,,,
586,-0.01328,0.0005600000000000001,,,,
587,-0.013260000000000001,0.00032,,,,
588,-0.01324,0.00024000000000000003,,,,
589,-0.01322,0.00048000000000000007,,,,
590,-0.0132,0.00064,,,,
591,-0.01318,0.00064,,,,
592,-0.01316,0.00048000000000000007,,,,
593,-0.01314,0.00016,,,,
594,-0.01312,0.00064,,,,
595,-0.0131,0.0005600000000000001,,,,
596,-0.01308,0.0008,,,,
597,-0.01306,0.0009600000000000001,,,,
598,-0.013040000000000001,0.0005600000000000001,,,,
599,-0.01302,0.00048000000000000007,,,,
600,-0.013000000000000001,0.00072,,,,
601,-0.01298,0.00072,,,,
602,-0.012960000000000001,0.00032,,,,
603,-0.01294,0.00048000000000000007,,,,
604,-0.012920000000000001,0.0010400000000000001,,,,
605,-0.0129,0.0005600000000000001,,,,
606,-0.01288,0.00064,,,,
607,-0.01286,0.00064,,,,
608,-0.01284,0.00024000000000000003,,,,
609,-0.01282,0.00088,,,,
610,-0.0128,0.00024000000000000003,,,,
611,-0.01278,0.00048000000000000007,,,,
612,-0.01276,0.00072,,,,
613,-0.01274,0.0008,,,,
614,-0.01272,0.00088,,,,
615,-0.012700000000000001,0.0008,,,,
616,-0.01268,0.0009600000000000001,,,,
617,-0.012660000000000001,0.00072,,,,
618,-0.01264,0.00048000000000000007,,,,
619,-0.012620000000000001,0.00048000000000000007,,,,
620,-0.0126,8e-05,,,,
621,-0.012580000000000001,0.00088,,,,
622,-0.01256,0.0005600000000000001,,,,
623,-0.01254,0.00032,,,,
624,-0.01252,0.00072,,,,
625,-0.0125,0.0008,,,,
626,-0.01248,0.00032,,,,
627,-0.01246,0.00088,,,,
628,-0.01244,0.0008,,,,
629,-0.01242,0.00024000000000000003,,,,
630,-0.0124,0.00064,,,,
631,-0.01238,-8e-05,,,,
632,-0.012360000000000001,-8e-05,,,,
633,-0.01234,0.00024000000000000003,,,,
634,-0.012320000000000001,0.00088,,,,
635,-0.0123,0.00088,,,,
636,-0.012280000000000001,0.0004,,,,
637,-0.01226,0.00016,,,,
638,-0.012240000000000001,0.00064,,,,
639,-0.01222,0.00048000000000000007,,,,
640,-0.0122,0.00016,,,,
641,-0.01218,0.00032,,,,
642,-0.01216,0.0010400000000000001,,,,
643,-0.01214,0.00032,,,,
644,-0.01212,0.00072,,,,
645,-0.0121,0.00048000000000000007,,,,
646,-0.01208,0.0005600000000000001,,,,
647,-0.01206,0.00048000000000000007,,,,
648,-0.01204,0.0005600000000000001,,,,
649,-0.012020000000000001,0.00048000000000000007,,,,
650,-0.012,0.00064,,,,
651,-0.011980000000000001,0.0004,,,,
652,-0.01196,0.00048000000000000007,,,,
653,-0.011940000000000001,0.00072,,,,
654,-0.01192,0.0004,,,,
655,-0.0119,0.00048000000000000007,,,,
656,-0.01188,0.00088,,,,
657,-0.01186,0.00064,,,,
658,-0.01184,0.0008,,,,
659,-0.01182,0.00064,,,,
660,-0.0118,0.0009600000000000001,,,,
661,-0.01178,0.00048000000000000007,,,,
662,-0.01176,0.00032,,,,
663,-0.01174,0.0010400000000000001,,,,
664,-0.01172,0.0010400000000000001,,,,
665,-0.0117,0.00024000000000000003,,,,
666,-0.011680000000000001,0.00024000000000000003,,,,
667,-0.01166,0.00072,,,,
668,-0.011640000000000001,0.00088,,,,
669,-0.01162,0.00088,,,,
670,-0.011600000000000001,0.00064,,,,
671,-0.01158,0.00088,,,,
672,-0.01156,0.0005600000000000001,,,,
673,-0.01154,0.00048000000000000007,,,,
674,-0.01152,0.0008,,,,
675,-0.0115,0.0004,,,,
676,-0.01148,0.00032,,,,
677,-0.01146,0.00072,,,,
678,-0.01144,0.00088,,,,
679,-0.01142,0.00072,,,,
680,-0.0114,0.0008,,,,
681,-0.01138,0.00072,,,,
682,-0.01136,0.0008,,,,
683,-0.011340000000000001,0.0005600000000000001,,,,
684,-0.01132,0.00064,,,,
685,-0.011300000000000001,0.00072,,,,
686,-0.01128,0.00048000000000000007,,,,
687,-0.011260000000000001,0.0008,,,,
688,-0.01124,0.00016,,,,
689,-0.01122,0.00024000000000000003,,,,
690,-0.0112,0.0005600000000000001,,,,
691,-0.01118,0.00072,,,,
692,-0.01116,0.00048000000000000007,,,,
693,-0.01114,0.00024000000000000003,,,,
694,-0.01112,0.00032,,,,
695,-0.0111,0.00024000000000000003,,,,
696,-0.01108,0.00032,,,,
697,-0.01106,0.00048000000000000007,,,,
698,-0.01104,0.0005600000000000001,,,,
699,-0.01102,0.00032,,,,
700,-0.011000000000000001,0.00064,,,,
701,-0.01098,0.00048000000000000007,,,,
702,-0.010960000000000001,0.00072,,,,
703,-0.01094,0.00048000000000000007,,,,
704,-0.010920000000000001,0.0005600000000000001,,,,
705,-0.0109,0.00048000000000000007,,,,
706,-0.01088,0.00024000000000000003,,,,
707,-0.01086,0.00024000000000000003,,,,
708,-0.01084,0.0010400000000000001,,,,
709,-0.01082,0.0010400000000000001,,,,
710,-0.0108,0.00072,,,,
711,-0.01078,0.00072,,,,
712,-0.01076,0.00048000000000000007,,,,
713,-0.01074,0.00024000000000000003,,,,
714,-0.01072,0.00048000000000000007,,,,
715,-0.0107,0.00048000000000000007,,,,
716,-0.01068,0.0004,,,,
717,-0.010660000000000001,0.00024000000000000003,,,,
718,-0.01064,0.0008,,,,
719,-0.010620000000000001,0.00048000000000000007,,,,
720,-0.0106,0.00024000000000000003,,,,
721,-0.01058,0.0011200000000000001,,,,
722,-0.01056,0.00072,,,,
723,-0.01054,0.00024000000000000003,,,,
724,-0.01052,0.0004,,,,
725,-0.0105,0.00048000000000000007,,,,
726,-0.01048,0.0004,,,,
727,-0.01046,0.00024000000000000003,,,,
728,-0.01044,0.00072,,,,
729,-0.01042,0.00072,,,,
730,-0.0104,0.00048000000000000007,,,,
731,-0.01038,0.00064,,,,
732,-0.01036,0.00032,,,,
733,-0.01034,0.00048000000000000007,,,,
734,-0.010320000000000001,0.00024000000000000003,,,,
735,-0.0103,0.00032,,,,
736,-0.010280000000000001,0.00064,,,,
737,-0.01026,0.0009600000000000001,,,,
738,-0.01024,0.00072,,,,
739,-0.01022,0.00072,,,,
740,-0.0102,0.00016,,,,
741,-0.01018,0.00024000000000000003,,,,
742,-0.01016,0.00032,,,,
743,-0.01014,0.0004,,,,
744,-0.01012,0.00072,,,,
745,-0.0101,0.0008,,,,
746,-0.01008,0.00072,,,,
747,-0.01006,0.00072,,,,
748,-0.01004,0.00072,,,,
749,-0.01002,0.00048000000000000007,,,,
750,-0.01,0.00048000000000000007,,,,
751,-0.009980000000000001,0.00016,,,,
752,-0.00996,0.0005600000000000001,,,,
753,-0.009940000000000001,0.00032,,,,
754,-0.00992,0.00072,,,,
755,-0.0099,0.00048000000000000007,,,,
756,-0.00988,0.0005600000000000001,,,,
757,-0.00986,0.00088,,,,
758,-0.00984,0.00024000000000000003,,,,
759,-0.00982,0.00048000000000000007,,,,
760,-0.0098,0.00072,,,,
761,-0.00978,0.00048000000000000007,,,,
762,-0.00976,0.00048000000000000007,,,,
763,-0.00974,0.00072,,,,
764,-0.00972,0.00048000000000000007,,,,
765,-0.0097,0.00024000000000000003,,,,
766,-0.00968,0.0005600000000000001,,,,
767,-0.00966,0.00048000000000000007,,,,
768,-0.00964,0.00064,,,,
769,-0.00962,0.00032,,,,
770,-0.009600000000000001,0.00048000000000000007,,,,
771,-0.00958,0.00016,,,,
772,-0.00956,0.0011200000000000001,,,,
773,-0.00954,0.00064,,,,
774,-0.00952,0.00048000000000000007,,,,
775,-0.0095,0.0010400000000000001,,,,
776,-0.00948,0.00072,,,,
777,-0.00946,0.00024000000000000003,,,,
778,-0.00944,0.00072,,,,
779,-0.00942,0.00048000000000000007,,,,
780,-0.0094,0.00072,,,,
781,-0.00938,0.0004,,,,
782,-0.00936,0.00064,,,,
783,-0.009340000000000001,0.00048000000000000007,,,,
784,-0.009319999999999998,0.0005600000000000001,,,,
785,-0.0093,0.00048000000000000007,,,,
786,-0.00928,0.00072,,,,
787,-0.009260000000000001,0.0008,,,,
788,-0.009240000000000002,0.0004,,,,
789,-0.009219999999999999,0.00064,,,,
790,-0.0092,0.00048000000000000007,,,,
791,-0.00918,0.00016,,,,
792,-0.009160000000000001,0.00088,,,,
793,-0.009139999999999999,0.0009600000000000001,,,,
794,-0.00912,0.0004,,,,
795,-0.0091,0.00064,,,,
796,-0.009080000000000001,0.0005600000000000001,,,,
797,-0.009059999999999999,0.0005600000000000001,,,,
798,-0.00904,0.00064,,,,
799,-0.00902,0.00048000000000000007,,,,
800,-0.009000000000000001,0.00088,,,,
801,-0.008979999999999998,0.00072,,,,
802,-0.00896,0.00072,,,,
803,-0.00894,0.0008,,,,
804,-0.00892,0.0008,,,,
805,-0.008900000000000002,0.00048000000000000007,,,,
806,-0.008879999999999999,0.00088,,,,
807,-0.00886,0.00048000000000000007,,,,
808,-0.00884,0.00032,,,,
809,-0.008820000000000001,0.00072,,,,
810,-0.008799999999999999,0.00024000000000000003,,,,
811,-0.00878,0.0009600000000000001,,,,
812,-0.00876,0.00016,,,,
813,-0.008740000000000001,0.00072,,,,
814,-0.008719999999999999,0.00048000000000000007,,,,
815,-0.0087,0.0004,,,,
816,-0.00868,0.00032,,,,
817,-0.008660000000000001,0.00048000000000000007,,,,
818,-0.008639999999999998,0.00048000000000000007,,,,
819,-0.00862,0.00024000000000000003,,,,
820,-0.0086,0.00024000000000000003,,,,
821,-0.00858,0.00048000000000000007,,,,
822,-0.008560000000000002,0.0008,,,,
823,-0.008539999999999999,0.0010400000000000001,,,,
824,-0.00852,0.0008,,,,
825,-0.0085,0.0005600000000000001,,,,
826,-0.008480000000000001,0.00072,,,,
827,-0.008459999999999999,0.00072,,,,
828,-0.00844,0.00064,,,,
829,-0.00842,0.00048000000000000007,,,,
830,-0.008400000000000001,0.00024000000000000003,,,,
831,-0.008379999999999999,0.00032,,,,
832,-0.00836,0.00048000000000000007,,,,
833,-0.00834,0.0009600000000000001,,,,
834,-0.008320000000000001,0.00032,,,,
835,-0.008299999999999998,0.00032,,,,
836,-0.00828,0.00024000000000000003,,,,
837,-0.00826,0.00032,,,,
838,-0.00824,0.00072,,,,
839,-0.008220000000000002,0.00048000000000000007,,,,
840,-0.008199999999999999,0.00048000000000000007,,,,
841,-0.00818,0.00072,,,,
842,-0.00816,0.00072,,,,
843,-0.008140000000000001,0.00064,,,,
844,-0.008119999999999999,0.00072,,,,
845,-0.0081,8e-05,,,,
846,-0.00808,0.00072,,,,
847,-0.008060000000000001,0.0008,,,,
848,-0.008039999999999999,0.00024000000000000003,,,,
849,-0.00802,0.00048000000000000007,,,,
850,-0.008,0.00064,,,,
851,-0.007980000000000001,0.0005600000000000001,,,,
852,-0.007959999999999998,0.00024000000000000003,,,,
853,-0.00794,0.00064,,,,
854,-0.00792,0.00064,,,,
855,-0.0079,0.00064,,,,
856,-0.007880000000000002,0.00048000000000000007,,,,
857,-0.007859999999999999,0.00072,,,,
858,-0.00784,0.00048000000000000007,,,,
859,-0.00782,0.0009600000000000001,,,,
860,-0.007800000000000001,0.00048000000000000007,,,,
861,-0.007779999999999999,0.00048000000000000007,,,,
862,-0.0077599999999999995,0.00048000000000000007,,,,
863,-0.00774,0.00048000000000000007,,,,
864,-0.007720000000000001,0.00048000000000000007,,,,
865,-0.0076999999999999985,0.00048000000000000007,,,,
866,-0.007679999999999999,0.00088,,,,
867,-0.00766,0.00072,,,,
868,-0.007640000000000001,0.00024000000000000003,,,,
869,-0.007619999999999998,0.00064,,,,
870,-0.007599999999999999,0.00032,,,,
871,-0.00758,0.00048000000000000007,,,,
872,-0.007560000000000001,0.00048000000000000007,,,,
873,-0.0075400000000000016,0.00064,,,,
874,-0.007519999999999999,0.00032,,,,
875,-0.0075,0.00088,,,,
876,-0.0074800000000000005,0.00048000000000000007,,,,
877,-0.007460000000000001,0.00032,,,,
878,-0.007439999999999999,0.00024000000000000003,,,,
879,-0.0074199999999999995,0.00048000000000000007,,,,
880,-0.0074,0.0008,,,,
881,-0.007380000000000001,0.0005600000000000001,,,,
882,-0.0073599999999999985,0.0008,,,,
883,-0.007339999999999999,0.00072,,,,
884,-0.00732,0.0004,,,,
885,-0.007300000000000001,0.00088,,,,
886,-0.007279999999999998,0.00072,,,,
887,-0.007259999999999999,0.00048000000000000007,,,,
888,-0.00724,0.00016,,,,
889,-0.007220000000000001,0.00048000000000000007,,,,
890,-0.0072000000000000015,0.00048000000000000007,,,,
891,-0.007179999999999999,0.00048000000000000007,,,,
892,-0.00716,0.00064,,,,
893,-0.0071400000000000005,0.0008,,,,
894,-0.007120000000000001,0.00032,,,,
895,-0.007099999999999999,0.00048000000000000007,,,,
896,-0.0070799999999999995,0.0009600000000000001,,,,
897,-0.00706,0.00024000000000000003,,,,
898,-0.007040000000000001,0.0005600000000000001,,,,
899,-0.0070199999999999985,0.0005600000000000001,,,,
900,-0.006999999999999999,0.00072,,,,
901,-0.00698,0.00072,,,,
902,-0.006960000000000001,0.00064,,,,
903,-0.006939999999999998,0.00032,,,,
904,-0.006919999999999999,0.0004,,,,
905,-0.0069,0.0009600000000000001,,,,
906,-0.006880000000000001,-8e-05,,,,
907,-0.0068600000000000015,0.00048000000000000007,,,,
908,-0.006839999999999999,0.00072,,,,
909,-0.00682,0.0005600000000000001,,,,
910,-0.0068000000000000005,0.00032,,,,
911,-0.006780000000000001,0.00072,,,,
912,-0.006759999999999999,0.00048000000000000007,,,,
913,-0.0067399999999999995,0.00048000000000000007,,,,
914,-0.00672,0.0004,,,,
915,-0.006700000000000001,0.00024000000000000003,,,,
916,-0.0066799999999999984,0.00064,,,,
917,-0.006659999999999999,0.00024000000000000003,,,,
918,-0.00664,0.00032,,,,
919,-0.006620000000000001,0.00048000000000000007,,,,
920,-0.006599999999999998,0.0005600000000000001,,,,
921,-0.006579999999999999,0.0005600000000000001,,,,
922,-0.00656,0.00048000000000000007,,,,
923,-0.006540000000000001,0.0009600000000000001,,,,
924,-0.0065200000000000015,0.0004,,,,
925,-0.006499999999999999,0.0005600000000000001,,,,
926,-0.00648,0.00088,,,,
927,-0.0064600000000000005,0.0010400000000000001,,,,
928,-0.006440000000000001,0.00072,,,,
929,-0.006419999999999999,0.0005600000000000001,,,,
930,-0.0063999999999999994,0.00024000000000000003,,,,
931,-0.00638,0.00072,,,,
932,-0.006360000000000001,0.0005600000000000001,,,,
933,-0.006339999999999998,0.00032,,,,
934,-0.006319999999999999,0.0008,,,,
935,-0.0063,0.00032,,,,
936,-0.006280000000000001,0.00032,,,,
937,-0.006259999999999998,0.00064,,,,
938,-0.006239999999999999,0.0005600000000000001,,,,
939,-0.00622,0.00064,,,,
940,-0.006200000000000001,0.0004,,,,
941,-0.0061800000000000015,0.00088,,,,
942,-0.006159999999999999,0.00072,,,,
943,-0.00614,0.0005600000000000001,,,,
944,-0.0061200000000000004,0.0004,,,,
945,-0.006100000000000001,0.00048000000000000007,,,,
946,-0.006079999999999999,0.0005600000000000001,,,,
947,-0.006059999999999999,0.00024000000000000003,,,,
948,-0.00604,0.00072,,,,
949,-0.006020000000000001,0.00016,,,,
950,-0.005999999999999998,0.0005600000000000001,,,,
951,-0.005979999999999999,0.0008,,,,
952,-0.00596,0.0010400000000000001,,,,
953,-0.005940000000000001,0.00128,,,,
954,-0.005919999999999998,0.00072,,,,
955,-0.005899999999999999,0.0004,,,,
956,-0.00588,0.0004,,,,
957,-0.005860000000000001,0.00072,,,,
958,-0.0058400000000000014,0.00016,,,,
959,-0.005819999999999999,0.00064,,,,
960,-0.0058,0.0004,,,,
961,-0.00578,0.00072,,,,
962,-0.005760000000000001,0.00032,,,,
963,-0.005739999999999999,0.0005600000000000001,,,,
964,-0.005719999999999999,0.0005600000000000001,,,,
965,-0.0057,0.0008,,,,
966,-0.005680000000000001,0.00048000000000000007,,,,
967,-0.005659999999999998,0.00072,,,,
968,-0.005639999999999999,0.00072,,,,
969,-0.00562,0.00048000000000000007,,,,
970,-0.005600000000000001,0.0005600000000000001,,,,
971,-0.005579999999999998,0.00072,,,,
972,-0.005559999999999999,0.00072,,,,
973,-0.00554,0.0008,,,,
974,-0.005520000000000001,0.00072,,,,
975,-0.005500000000000001,0.0009600000000000001,,,,
976,-0.005479999999999999,0.0004,,,,
977,-0.00546,0.00048000000000000007,,,,
978,-0.00544,0.00064,,,,
979,-0.005420000000000001,0.00048000000000000007,,,,
980,-0.0053999999999999986,0.00024000000000000003,,,,
981,-0.005379999999999999,0.0004,,,,
982,-0.00536,0.00048000000000000007,,,,
983,-0.005340000000000001,0.0005600000000000001,,,,
984,-0.005319999999999998,0.0008,,,,
985,-0.005299999999999999,0.00072,,,,
986,-0.00528,0.0,,,,
987,-0.005260000000000001,0.00024000000000000003,,,,
988,-0.005239999999999998,0.0004,,,,
989,-0.005219999999999999,0.00064,,,,
990,-0.0052,0.00024000000000000003,,,,
991,-0.005180000000000001,0.00048000000000000007,,,,
992,-0.005160000000000001,0.00032,,,,
993,-0.005139999999999999,0.00024000000000000003,,,,
994,-0.0051199999999999996,0.00072,,,,
995,-0.0051,0.0008,,,,
996,-0.005080000000000001,0.0004,,,,
997,-0.0050599999999999985,0.00024000000000000003,,,,
998,-0.005039999999999999,8e-05,,,,
999,-0.00502,0.0005600000000000001,,,,
1000,-0.005000000000000001,0.00064,,,,
1001,-0.004979999999999998,0.0004,,,,
1002,-0.004959999999999999,0.0004,,,,
1003,-0.00494,0.00024000000000000003,,,,
1004,-0.004920000000000001,0.00024000000000000003,,,,
1005,-0.004899999999999998,0.0004,,,,
1006,-0.004879999999999999,0.00016,,,,
1007,-0.00486,0.0005600000000000001,,,,
1008,-0.0048400000000000006,0.00064,,,,
1009,-0.004820000000000001,0.0004,,,,
1010,-0.004799999999999999,0.00072,,,,
1011,-0.0047799999999999995,0.00032,,,,
1012,-0.00476,0.0005600000000000001,,,,
1013,-0.004740000000000001,0.00048000000000000007,,,,
1014,-0.0047199999999999985,-8e-05,,,,
1015,-0.004699999999999999,0.00024000000000000003,,,,
1016,-0.00468,0.00048000000000000007,,,,
1017,-0.004660000000000001,0.00048000000000000007,,,,
1018,-0.004639999999999998,0.00064,,,,
1019,-0.004619999999999999,0.0005600000000000001,,,,
1020,-0.0046,0.00064,,,,
1021,-0.004580000000000001,0.0005600000000000001,,,,
1022,-0.004559999999999998,0.0004,,,,
1023,-0.004539999999999999,0.00048000000000000007,,,,
1024,-0.00452,0.00048000000000000007,,,,
1025,-0.0045000000000000005,0.00032,,,,
1026,-0.004480000000000001,0.00072,,,,
1027,-0.004459999999999999,0.0009600000000000001,,,,
1028,-0.0044399999999999995,0.00048000000000000007,,,,
1029,-0.00442,0.00072,,,,
1030,-0.004400000000000001,0.0009600000000000001,,,,
1031,-0.0043799999999999985,0.0011200000000000001,,,,
1032,-0.004359999999999999,0.0004,,,,
1033,-0.00434,0.00016,,,,
1034,-0.004320000000000001,0.0,,,,
1035,-0.004299999999999998,0.00048000000000000007,,,,
1036,-0.004279999999999999,0.0010400000000000001,,,,
1037,-0.00426,0.00072,,,,
1038,-0.004240000000000001,0.00064,,,,
1039,-0.004219999999999998,0.00072,,,,
1040,-0.004199999999999999,0.00048000000000000007,,,,
1041,-0.00418,0.00032,,,,
1042,-0.0041600000000000005,0.00048000000000000007,,,,
1043,-0.004140000000000001,0.00048000000000000007,,,,
1044,-0.004119999999999999,0.00024000000000000003,,,,
1045,-0.0040999999999999995,0.00048000000000000007,,,,
1046,-0.00408,0.00024000000000000003,,,,
1047,-0.004060000000000001,0.00024000000000000003,,,,
1048,-0.0040399999999999985,0.0004,,,,
1049,-0.004019999999999999,0.0008,,,,
1050,-0.004,0.00072,,,,
1051,-0.003980000000000001,-8e-05,,,,
1052,-0.003959999999999998,0.00048000000000000007,,,,
1053,-0.003939999999999999,-8e-05,,,,
1054,-0.00392,0.00064,,,,
1055,-0.0039000000000000007,0.00072,,,,
1056,-0.003879999999999998,0.0005600000000000001,,,,
1057,-0.003859999999999999,0.00048000000000000007,,,,
1058,-0.0038399999999999997,0.0004,,,,
1059,-0.0038200000000000005,0.0004,,,,
1060,-0.0038000000000000013,0.00072,,,,
1061,-0.0037799999999999986,0.00048000000000000007,,,,
1062,-0.0037599999999999995,0.00016,,,,
1063,-0.0037400000000000003,0.0010400000000000001,,,,
1064,-0.003720000000000001,0.00048000000000000007,,,,
1065,-0.0036999999999999984,0.00064,,,,
1066,-0.0036799999999999992,0.00072,,,,
1067,-0.00366,0.00064,,,,
1068,-0.003640000000000001,0.00064,,,,
1069,-0.0036199999999999982,0.00072,,,,
1070,-0.003599999999999999,0.00072,,,,
1071,-0.00358,0.0005600000000000001,,,,
1072,-0.0035600000000000007,0.00064,,,,
1073,-0.003539999999999998,0.0004,,,,
1074,-0.003519999999999999,0.00072,,,,
1075,-0.0034999999999999996,0.00072,,,,
1076,-0.0034800000000000005,0.00072,,,,
1077,-0.0034600000000000013,0.00048000000000000007,,,,
1078,-0.0034399999999999986,0.00048000000000000007,,,,
1079,-0.0034199999999999994,0.00064,,,,
1080,-0.0034000000000000002,0.0004,,,,
1081,-0.003380000000000001,0.00072,,,,
1082,-0.0033599999999999984,0.00064,,,,
1083,-0.0033399999999999992,0.00032,,,,
1084,-0.00332,0.00072,,,,
1085,-0.003300000000000001,0.0005600000000000001,,,,
1086,-0.003279999999999998,0.0008,,,,
1087,-0.003259999999999999,0.00064,,,,
1088,-0.00324,0.0005600000000000001,,,,
1089,-0.0032200000000000006,0.0008,,,,
1090,-0.003199999999999998,0.0008,,,,
1091,-0.003179999999999999,0.00064,,,,
1092,-0.0031599999999999996,0.00016,,,,
1093,-0.0031400000000000004,0.00024000000000000003,,,,
1094,-0.0031200000000000012,0.00048000000000000007,,,,
1095,-0.0030999999999999986,0.0005600000000000001,,,,
1096,-0.0030799999999999994,0.0008,,,,
1097,-0.0030600000000000002,0.0009600000000000001,,,,
1098,-0.003040000000000001,0.00024000000000000003,,,,
1099,-0.0030199999999999984,0.00048000000000000007,,,,
1100,-0.002999999999999999,0.00048000000000000007,,,,
1101,-0.00298,0.00048000000000000007,,,,
1102,-0.002960000000000001,0.0004,,,,
1103,-0.002939999999999998,0.0008,,,,
1104,-0.002919999999999999,0.00064,,,,
1105,-0.0029,0.00048000000000000007,,,,
1106,-0.0028800000000000006,0.00072,,,,
1107,-0.002859999999999998,0.00032,,,,
1108,-0.0028399999999999988,0.0008,,,,
1109,-0.0028199999999999996,0.00048000000000000007,,,,
1110,-0.0028000000000000004,0.00088,,,,
1111,-0.0027800000000000012,0.00024000000000000003,,,,
1112,-0.0027599999999999986,0.0005600000000000001,,,,
1113,-0.0027399999999999994,0.00048000000000000007,,,,
1114,-0.00272,0.00088,,,,
1115,-0.002700000000000001,0.00072,,,,
1116,-0.0026799999999999984,0.00064,,,,
1117,-0.002659999999999999,0.00048000000000000007,,,,
1118,-0.00264,0.00016,,,,
1119,-0.002620000000000001,0.00064,,,,
1120,-0.002599999999999998,0.00072,,,,
1121,-0.002579999999999999,0.00032,,,,
1122,-0.0025599999999999998,0.00024000000000000003,,,,
1123,-0.0025400000000000006,0.00064,,,,
1124,-0.002519999999999998,0.0004,,,,
1125,-0.0024999999999999988,0.00088,,,,
1126,-0.0024799999999999996,0.00072,,,,
1127,-0.0024600000000000004,0.00064,,,,
1128,-0.002440000000000001,0.00024000000000000003,,,,
1129,-0.0024199999999999985,0.0005600000000000001,,,,
1130,-0.0023999999999999994,0.00072,,,,
1131,-0.00238,0.00024000000000000003,,,,
1132,-0.002360000000000001,0.00064,,,,
1133,-0.0023399999999999983,0.0004,,,,
1134,-0.002319999999999999,0.00048000000000000007,,,,
1135,-0.0023,0.00088,,,,
1136,-0.0022800000000000008,0.00064,,,,
1137,-0.002259999999999998,0.00072,,,,
1138,-0.002239999999999999,0.00088,,,,
1139,-0.0022199999999999998,0.0008,,,,
1140,-0.0022000000000000006,0.00064,,,,
1141,-0.002179999999999998,0.00048000000000000007,,,,
1142,-0.0021599999999999987,0.00064,,,,
1143,-0.0021399999999999995,0.00048000000000000007,,,,
1144,-0.0021200000000000004,0.00072,,,,
1145,-0.002100000000000001,0.00048000000000000007,,,,
1146,-0.0020799999999999985,0.0005600000000000001,,,,
1147,-0.0020599999999999993,0.0004,,,,
1148,-0.00204,0.00048000000000000007,,,,
1149,-0.002020000000000001,0.00032,,,,
1150,-0.0019999999999999983,0.00064,,,,
1151,-0.001979999999999999,0.0005600000000000001,,,,
1152,-0.00196,0.00024000000000000003,,,,
1153,-0.0019400000000000008,0.00032,,,,
1154,-0.001919999999999998,0.00024000000000000003,,,,
1155,-0.001899999999999999,0.00032,,,,
1156,-0.0018799999999999997,0.0009600000000000001,,,,
1157,-0.0018600000000000005,0.00064,,,,
1158,-0.0018399999999999979,0.00064,,,,
1159,-0.0018199999999999987,8e-05,,,,
1160,-0.0017999999999999995,0.00088,,,,
1161,-0.0017800000000000003,0.00048000000000000007,,,,
1162,-0.0017600000000000011,-8e-05,,,,
1163,-0.0017399999999999985,0.00088,,,,
1164,-0.0017199999999999993,0.0004,,,,
1165,-0.0017000000000000001,0.00048000000000000007,,,,
1166,-0.001680000000000001,0.0008,,,,
1167,-0.0016599999999999983,0.00024000000000000003,,,,
1168,-0.001639999999999999,0.00024000000000000003,,,,
1169,-0.00162,0.00048000000000000007,,,,
1170,-0.0016000000000000007,0.0010400000000000001,,,,
1171,-0.001579999999999998,0.00048000000000000007,,,,
1172,-0.0015599999999999989,0.0005600000000000001,,,,
1173,-0.0015399999999999997,0.0005600000000000001,,,,
1174,-0.0015200000000000005,0.00024000000000000003,,,,
1175,-0.0014999999999999979,0.00024000000000000003,,,,
1176,-0.0014799999999999987,0.00024000000000000003,,,,
1177,-0.0014599999999999995,0.0005600000000000001,,,,
1178,-0.0014400000000000003,0.00072,,,,
1179,-0.0014200000000000011,0.00024000000000000003,,,,
1180,-0.0013999999999999985,0.0010400000000000001,,,,
1181,-0.0013799999999999993,0.00088,,,,
1182,-0.00136,0.0004,,,,
1183,-0.001340000000000001,0.0004,,,,
1184,-0.0013199999999999983,0.0005600000000000001,,,,
1185,-0.001299999999999999,0.00024000000000000003,,,,
1186,-0.0012799999999999999,0.00048000000000000007,,,,
1187,-0.0012600000000000007,0.00072,,,,
1188,-0.001239999999999998,0.0005600000000000001,,,,
1189,-0.0012199999999999989,0.00032,,,,
1190,-0.0011999999999999997,0.0004,,,,
1191,-0.0011800000000000005,0.0004,,,,
1192,-0.0011599999999999978,0.00072,,,,
1193,-0.0011399999999999987,0.0005600000000000001,,,,
1194,-0.0011199999999999995,0.00048000000000000007,,,,
1195,-0.0011000000000000003,0.00032,,,,
1196,-0.001080000000000001,0.00072,,,,
1197,-0.0010599999999999984,0.00048000000000000007,,,,
1198,-0.0010399999999999993,0.00048000000000000007,,,,
1199,-0.00102,0.0011200000000000001,,,,
1200,-0.0010000000000000009,0.00072,,,,
1201,-0.0009799999999999982,0.0008,,,,
1202,-0.000959999999999999,0.00072,,,,
1203,-0.0009399999999999999,0.00048000000000000007,,,,
1204,-0.0009200000000000007,0.0008,,,,
1205,-0.000899999999999998,0.00072,,,,
1206,-0.0008799999999999988,0.00048000000000000007,,,,
1207,-0.0008599999999999997,0.00072,,,,
1208,-0.0008400000000000005,0.00072,,,,
1209,-0.0008199999999999978,0.0005600000000000001,,,,
1210,-0.0007999999999999986,0.0008,,,,
1211,-0.0007799999999999994,8e-05,,,,
1212,-0.0007600000000000003,0.00072,,,,
1213,-0.0007400000000000011,0.00072,,,,
1214,-0.0007199999999999984,0.00064,,,,
1215,-0.0006999999999999992,0.00048000000000000007,,,,
1216,-0.00068,0.00088,,,,
1217,-0.0006600000000000009,0.00072,,,,
1218,-0.0006399999999999982,8e-05,,,,
1219,-0.000619999999999999,0.00072,,,,
1220,-0.0005999999999999998,0.00088,,,,
1221,-0.0005800000000000007,0.00072,,,,
1222,-0.000559999999999998,0.00064,,,,
1223,-0.0005399999999999988,0.00048000000000000007,,,,
1224,-0.0005199999999999996,0.00048000000000000007,,,,
1225,-0.0005000000000000004,0.00048000000000000007,,,,
1226,-0.0004799999999999978,0.00072,,,,
1227,-0.0004599999999999986,0.00072,,,,
1228,-0.0004399999999999994,0.00064,,,,
1229,-0.00042000000000000023,0.00016,,,,
1230,-0.00040000000000000105,0.00032,,,,
1231,-0.0003799999999999984,0.00024000000000000003,,,,
1232,-0.0003599999999999992,0.00072,,,,
1233,-0.00034,0.00024000000000000003,,,,
1234,-0.00032000000000000084,0.00064,,,,
1235,-0.0002999999999999982,0.0005600000000000001,,,,
1236,-0.000279999999999999,0.00016,,,,
1237,-0.0002599999999999998,0.00048000000000000007,,,,
1238,-0.00024000000000000063,0.0005600000000000001,,,,
1239,-0.00021999999999999797,8e-05,,,,
1240,-0.0001999999999999988,0.0005600000000000001,,,,
1241,-0.0001799999999999996,0.00048000000000000007,,,,
1242,-0.00016000000000000042,0.0008,,,,
1243,-0.00013999999999999777,0.00048000000000000007,,,,
1244,-0.00011999999999999858,0.0005600000000000001,,,,
1245,-9.99999999999994e-05,0.0004,,,,
1246,-8.000000000000021e-05,0.00048000000000000007,,,,
1247,-6.0000000000001025e-05,0.00064,,,,
1248,-3.999999999999837e-05,8e-05,,,,
1249,-1.9999999999999185e-05,0.00048000000000000007,,,,
1250,0.0,0.00016,,,,
1251,1.9999999999999185e-05,0.0011200000000000001,,,,
1252,4.000000000000184e-05,0.00072,,,,
1253,6.0000000000001025e-05,0.00032,,,,
1254,8.000000000000021e-05,0.00064,,,,
1255,9.99999999999994e-05,0.0010400000000000001,,,,
1256,0.00012000000000000205,0.0009600000000000001,,,,
1257,0.00014000000000000123,0.0005600000000000001,,,,
1258,0.00016000000000000042,0.00048000000000000007,,,,
1259,0.0001799999999999996,0.00024000000000000003,,,,
1260,0.00020000000000000226,0.00088,,,,
1261,0.00022000000000000144,0.0010400000000000001,,,,
1262,0.00024000000000000063,0.00072,,,,
1263,0.0002599999999999998,0.0004,,,,
1264,0.000279999999999999,0.0004,,,,
1265,0.00030000000000000165,0.00024000000000000003,,,,
1266,0.00032000000000000084,0.00016,,,,
1267,0.00034,0.0005600000000000001,,,,
1268,0.0003599999999999992,0.00048000000000000007,,,,
1269,0.00038000000000000186,0.00048000000000000007,,,,
1270,0.00040000000000000105,0.00048000000000000007,,,,
1271,0.00042000000000000023,0.00064,,,,
1272,0.0004399999999999994,0.00072,,,,
1273,0.0004600000000000021,0.00064,,,,
1274,0.00048000000000000126,0.00048000000000000007,,,,
1275,0.0005000000000000004,0.00072,,,,
1276,0.0005199999999999996,0.00072,,,,
1277,0.0005400000000000023,0.0004,,,,
1278,0.0005600000000000015,0.00048000000000000007,,,,
1279,0.0005800000000000007,0.00024000000000000003,,,,
1280,0.0005999999999999998,0.0004,,,,
1281,0.000619999999999999,0.00048000000000000007,,,,
1282,0.0006400000000000017,0.0008,,,,
1283,0.0006600000000000009,0.00048000000000000007,,,,
1284,0.00068,0.00048000000000000007,,,,
1285,0.0006999999999999992,0.00048000000000000007,,,,
1286,0.0007200000000000019,0.00024000000000000003,,,,
1287,0.0007400000000000011,0.0008,,,,
1288,0.0007600000000000003,0.00072,,,,
1289,0.0007799999999999994,0.00048000000000000007,,,,
1290,0.0008000000000000021,0.00064,,,,
1291,0.0008200000000000013,0.00024000000000000003,,,,
1292,0.0008400000000000005,0.00072,,,,
1293,0.0008599999999999997,0.00048000000000000007,,,,
1294,0.0008800000000000023,0.00032,,,,
1295,0.0009000000000000015,0.00088,,,,
1296,0.0009200000000000007,0.00024000000000000003,,,,
1297,0.0009399999999999999,0.0008,,,,
1298,0.000959999999999999,0.00048000000000000007,,,,
1299,0.0009800000000000017,0.00072,,,,
1300,0.0010000000000000009,0.00072,,,,
1301,0.00102,0.00016,,,,
1302,0.0010399999999999993,0.00072,,,,
1303,0.001060000000000002,0.00088,,,,
1304,0.001080000000000001,0.0005600000000000001,,,,
1305,0.0011000000000000003,0.0008,,,,
1306,0.0011199999999999995,0.00016,,,,
1307,0.0011400000000000021,0.00048000000000000007,,,,
1308,0.0011600000000000013,0.00032,,,,
1309,0.0011800000000000005,0.00088,,,,
1310,0.0011999999999999997,0.00032,,,,
1311,0.0012200000000000023,0.00064,,,,
1312,0.0012400000000000015,0.00024000000000000003,,,,
1313,0.0012600000000000007,0.00024000000000000003,,,,
1314,0.0012799999999999999,0.0005600000000000001,,,,
1315,0.001299999999999999,0.0,,,,
1316,0.0013200000000000017,0.0009600000000000001,,,,
1317,0.001340000000000001,0.00032,,,,
1318,0.00136,0.00048000000000000007,,,,
1319,0.0013799999999999993,0.0008,,,,
1320,0.001400000000000002,0.00064,,,,
1321,0.0014200000000000011,0.00064,,,,
1322,0.0014400000000000003,0.00048000000000000007,,,,
1323,0.0014599999999999995,0.0008,,,,
1324,0.0014800000000000021,0.00024000000000000003,,,,
1325,0.0015000000000000013,0.00064,,,,
1326,0.0015200000000000005,0.00024000000000000003,,,,
1327,0.0015399999999999997,0.00032,,,,
1328,0.0015600000000000024,0.00064,,,,
1329,0.0015800000000000015,0.00088,,,,
1330,0.0016000000000000007,0.0,,,,
1331,0.00162,0.00072,,,,
1332,0.001639999999999999,8e-05,,,,
1333,0.0016600000000000018,0.0005600000000000001,,,,
1334,0.001680000000000001,0.00064,,,,
1335,0.0017000000000000001,0.00032,,,,
1336,0.0017199999999999993,0.00048000000000000007,,,,
1337,0.001740000000000002,0.0008,,,,
1338,0.0017600000000000011,0.00064,,,,
1339,0.0017800000000000003,0.0005600000000000001,,,,
1340,0.0017999999999999995,0.0010400000000000001,,,,
1341,0.0018200000000000022,0.00048000000000000007,,,,
1342,0.0018400000000000014,0.00072,,,,
1343,0.0018600000000000005,0.00048000000000000007,,,,
1344,0.0018799999999999997,0.00072,,,,
1345,0.0019000000000000024,0.00048000000000000007,,,,
1346,0.0019200000000000016,0.00024000000000000003,,,,
1347,0.0019400000000000008,0.00024000000000000003,,,,
1348,0.00196,0.0004,,,,
1349,0.001979999999999999,0.0008,,,,
1350,0.0020000000000000018,0.0004,,,,
1351,0.002020000000000001,0.0005600000000000001,,,,
1352,0.00204,0.00072,,,,
1353,0.0020599999999999993,0.00048000000000000007,,,,
1354,0.002080000000000002,0.00072,,,,
1355,0.002100000000000001,0.00016,,,,
1356,0.0021200000000000004,0.00072,,,,
1357,0.0021399999999999995,0.00024000000000000003,,,,
1358,0.002160000000000002,0.00048000000000000007,,,,
1359,0.0021800000000000014,0.00064,,,,
1360,0.0022000000000000006,0.00064,,,,
1361,0.0022199999999999998,0.00048000000000000007,,,,
1362,0.0022400000000000024,0.00032,,,,
1363,0.0022600000000000016,0.00032,,,,
1364,0.0022800000000000008,0.00072,,,,
1365,0.0023,0.00016,,,,
1366,0.002319999999999999,0.00032,,,,
1367,0.002340000000000002,0.00032,,,,
1368,0.002360000000000001,0.00072,,,,
1369,0.00238,0.00024000000000000003,,,,
1370,0.0023999999999999994,0.0004,,,,
1371,0.002420000000000002,0.0004,,,,
1372,0.002440000000000001,0.0005600000000000001,,,,
1373,0.0024600000000000004,0.00088,,,,
1374,0.0024799999999999996,0.00064,,,,
1375,0.0025000000000000022,0.0009600000000000001,,,,
1376,0.0025200000000000014,0.0005600000000000001,,,,
1377,0.0025400000000000006,0.00048000000000000007,,,,
1378,0.0025599999999999998,0.0008,,,,
1379,0.0025800000000000024,0.00064,,,,
1380,0.0026000000000000016,0.00072,,,,
1381,0.002620000000000001,0.00024000000000000003,,,,
1382,0.00264,0.00088,,,,
1383,0.002659999999999999,-8e-05,,,,
1384,0.002680000000000002,0.00088,,,,
1385,0.002700000000000001,0.00048000000000000007,,,,
1386,0.00272,0.00024000000000000003,,,,
1387,0.0027399999999999994,0.0004,,,,
1388,0.002760000000000002,0.00048000000000000007,,,,
1389,0.0027800000000000012,0.00048000000000000007,,,,
1390,0.0028000000000000004,0.0005600000000000001,,,,
1391,0.0028199999999999996,0.00048000000000000007,,,,
1392,0.0028400000000000022,0.00032,,,,
1393,0.0028600000000000014,0.00024000000000000003,,,,
1394,0.0028800000000000006,0.00048000000000000007,,,,
1395,0.0029,0.00024000000000000003,,,,
1396,0.0029200000000000025,0.00048000000000000007,,,,
1397,0.0029400000000000016,0.00064,,,,
1398,0.002960000000000001,0.00048000000000000007,,,,
1399,0.00298,0.0005600000000000001,,,,
1400,0.002999999999999999,8e-05,,,,
1401,0.003020000000000002,0.00048000000000000007,,,,
1402,0.003040000000000001,0.00088,,,,
1403,0.0030600000000000002,0.0005600000000000001,,,,
1404,0.0030799999999999994,0.0004,,,,
1405,0.003100000000000002,0.0004,,,,
1406,0.0031200000000000012,0.00048000000000000007,,,,
1407,0.0031400000000000004,0.00072,,,,
1408,0.0031599999999999996,0.0005600000000000001,,,,
1409,0.0031800000000000023,0.00072,,,,
1410,0.0032000000000000015,0.00064,,,,
1411,0.0032200000000000006,0.0009600000000000001,,,,
1412,0.00324,0.00024000000000000003,,,,
1413,0.0032600000000000025,0.0009600000000000001,,,,
1414,0.0032800000000000017,0.00072,,,,
1415,0.003300000000000001,0.00024000000000000003,,,,
1416,0.00332,0.00024000000000000003,,,,
1417,0.0033399999999999992,0.00064,,,,
1418,0.003360000000000002,0.00072,,,,
1419,0.003380000000000001,0.0004,,,,
1420,0.0034000000000000002,0.00032,,,,
1421,0.0034199999999999994,0.00032,,,,
1422,0.003440000000000002,0.00048000000000000007,,,,
1423,0.0034600000000000013,0.0009600000000000001,,,,
1424,0.0034800000000000005,0.0008,,,,
1425,0.0034999999999999996,0.00048000000000000007,,,,
1426,0.0035200000000000023,0.00064,,,,
1427,0.0035400000000000015,0.00048000000000000007,,,,
1428,0.0035600000000000007,0.0005600000000000001,,,,
1429,0.00358,0.00024000000000000003,,,,
1430,0.0036000000000000025,0.00064,,,,
1431,0.0036200000000000017,0.0,,,,
1432,0.003640000000000001,0.00072,,,,
1433,0.00366,0.00024000000000000003,,,,
1434,0.0036799999999999992,0.00048000000000000007,,,,
1435,0.003700000000000002,0.0008,,,,
1436,0.003720000000000001,0.0008,,,,
1437,0.0037400000000000003,0.00024000000000000003,,,,
1438,0.0037599999999999995,0.0009600000000000001,,,,
1439,0.003780000000000002,0.0004,,,,
1440,0.0038000000000000013,0.0005600000000000001,,,,
1441,0.0038200000000000005,0.00072,,,,
1442,0.0038399999999999997,0.00072,,,,
1443,0.0038600000000000023,0.00072,,,,
1444,0.0038800000000000015,0.00048000000000000007,,,,
1445,0.0039000000000000007,0.00024000000000000003,,,,
1446,0.00392,0.00064,,,,
1447,0.0039400000000000025,8e-05,,,,
1448,0.003960000000000002,0.00088,,,,
1449,0.003980000000000001,0.0005600000000000001,,,,
1450,0.004,0.0008,,,,
1451,0.004019999999999999,0.0004,,,,
1452,0.004040000000000002,0.0008,,,,
1453,0.004060000000000001,0.00064,,,,
1454,0.00408,0.0004,,,,
1455,0.0040999999999999995,0.00072,,,,
1456,0.004120000000000002,0.00016,,,,
1457,0.004140000000000001,0.00072,,,,
1458,0.0041600000000000005,0.0005600000000000001,,,,
1459,0.00418,0.0008,,,,
1460,0.004200000000000002,0.00048000000000000007,,,,
1461,0.0042200000000000015,0.00064,,,,
1462,0.004240000000000001,0.00032,,,,
1463,0.00426,0.0008,,,,
1464,0.0042800000000000026,0.00072,,,,
1465,0.004300000000000002,0.00032,,,,
1466,0.004320000000000001,0.00048000000000000007,,,,
1467,0.00434,0.0004,,,,
1468,0.004359999999999999,0.00088,,,,
1469,0.004380000000000002,0.0005600000000000001,,,,
1470,0.004400000000000001,0.00048000000000000007,,,,
1471,0.00442,0.00048000000000000007,,,,
1472,0.0044399999999999995,0.00072,,,,
1473,0.004460000000000002,0.00048000000000000007,,,,
1474,0.004480000000000001,0.0005600000000000001,,,,
1475,0.0045000000000000005,0.00032,,,,
1476,0.00452,0.0008,,,,
1477,0.004540000000000002,0.0008,,,,
1478,0.0045600000000000016,0.00048000000000000007,,,,
1479,0.004580000000000001,0.00048000000000000007,,,,
1480,0.0046,0.00048000000000000007,,,,
1481,0.004620000000000003,0.00064,,,,
1482,0.004640000000000002,0.0005600000000000001,,,,
1483,0.004660000000000001,0.0004,,,,
1484,0.00468,0.00064,,,,
1485,0.004699999999999999,0.00064,,,,
1486,0.004720000000000002,0.00048000000000000007,,,,
1487,0.004740000000000001,0.00032,,,,
1488,0.00476,0.00072,,,,
1489,0.0047799999999999995,0.00032,,,,
1490,0.004800000000000002,0.00064,,,,
1491,0.004820000000000001,0.00032,,,,
1492,0.0048400000000000006,0.00072,,,,
1493,0.00486,0.0004,,,,
1494,0.004880000000000002,0.00064,,,,
1495,0.004900000000000002,0.00048000000000000007,,,,
1496,0.004920000000000001,0.00064,,,,
1497,0.00494,0.00048000000000000007,,,,
1498,0.004960000000000003,0.00024000000000000003,,,,
1499,0.004980000000000002,0.0008,,,,
1500,0.005000000000000001,0.00064,,,,
1501,0.00502,0.00024000000000000003,,,,
1502,0.005039999999999999,0.0005600000000000001,,,,
1503,0.005060000000000002,0.0004,,,,
1504,0.005080000000000001,0.00048000000000000007,,,,
1505,0.0051,0.00072,,,,
1506,0.0051199999999999996,0.00024000000000000003,,,,
1507,0.005140000000000002,0.0005600000000000001,,,,
1508,0.005160000000000001,0.00024000000000000003,,,,
1509,0.005180000000000001,0.00024000000000000003,,,,
1510,0.0052,0.00016,,,,
1511,0.005220000000000002,0.00072,,,,
1512,0.005240000000000002,0.00088,,,,
1513,0.005260000000000001,0.00032,,,,
1514,0.00528,8e-05,,,,
1515,0.005300000000000003,0.00072,,,,
1516,0.005320000000000002,0.00072,,,,
1517,0.005340000000000001,0.0005600000000000001,,,,
1518,0.00536,0.0004,,,,
1519,0.005379999999999999,0.00072,,,,
1520,0.005400000000000002,0.00024000000000000003,,,,
1521,0.005420000000000001,0.00072,,,,
1522,0.00544,0.0005600000000000001,,,,
1523,0.00546,0.00064,,,,
1524,0.005480000000000002,0.00048000000000000007,,,,
1525,0.005500000000000001,0.00048000000000000007,,,,
1526,0.005520000000000001,0.0009600000000000001,,,,
1527,0.00554,0.0008,,,,
1528,0.0055600000000000024,0.0005600000000000001,,,,
1529,0.005580000000000002,0.00048000000000000007,,,,
1530,0.005600000000000001,0.00048000000000000007,,,,
1531,0.00562,0.0004,,,,
1532,0.005640000000000003,0.00032,,,,
1533,0.005660000000000002,0.00048000000000000007,,,,
1534,0.005680000000000001,0.00032,,,,
1535,0.0057,0.0010400000000000001,,,,
1536,0.005720000000000003,0.00048000000000000007,,,,
1537,0.005740000000000002,0.0005600000000000001,,,,
1538,0.005760000000000001,0.00032,,,,
1539,0.00578,0.00048000000000000007,,,,
1540,0.0058,0.00088,,,,
1541,0.005820000000000002,0.00088,,,,
1542,0.0058400000000000014,0.0005600000000000001,,,,
1543,0.005860000000000001,0.00032,,,,
1544,0.00588,0.0004,,,,
1545,0.0059000000000000025,0.0004,,,,
1546,0.005920000000000002,0.00048000000000000007,,,,
1547,0.005940000000000001,0.00072,,,,
1548,0.00596,0.0005600000000000001,,,,
1549,0.005980000000000003,-8e-05,,,,
1550,0.006000000000000002,0.00032,,,,
1551,0.006020000000000001,0.00032,,,,
1552,0.00604,0.0005600000000000001,,,,
1553,0.006060000000000003,0.00088,,,,
1554,0.006080000000000002,0.00032,,,,
1555,0.006100000000000001,0.00048000000000000007,,,,
1556,0.0061200000000000004,0.00048000000000000007,,,,
1557,0.00614,0.00048000000000000007,,,,
1558,0.006160000000000002,0.00088,,,,
1559,0.0061800000000000015,0.00048000000000000007,,,,
1560,0.006200000000000001,0.00048000000000000007,,,,
1561,0.00622,0.00024000000000000003,,,,
1562,0.0062400000000000025,0.0005600000000000001,,,,
1563,0.006260000000000002,0.00064,,,,
1564,0.006280000000000001,0.00048000000000000007,,,,
1565,0.0063,0.0005600000000000001,,,,
1566,0.006319999999999999,8e-05,,,,
1567,0.006339999999999998,0.00072,,,,
1568,0.0063600000000000045,0.00072,,,,
1569,0.006380000000000004,0.0004,,,,
1570,0.006400000000000003,0.00048000000000000007,,,,
1571,0.006420000000000002,0.00064,,,,
1572,0.006440000000000001,0.00064,,,,
1573,0.0064600000000000005,0.0004,,,,
1574,0.00648,0.0008,,,,
1575,0.006499999999999999,0.00088,,,,
1576,0.006519999999999998,0.00048000000000000007,,,,
1577,0.006540000000000004,0.00048000000000000007,,,,
1578,0.006560000000000003,0.00032,,,,
1579,0.0065800000000000025,0.0008,,,,
1580,0.006600000000000002,0.00072,,,,
1581,0.006620000000000001,0.00048000000000000007,,,,
1582,0.00664,0.00048000000000000007,,,,
1583,0.006659999999999999,0.00048000000000000007,,,,
1584,0.0066799999999999984,0.00048000000000000007,,,,
1585,0.0067000000000000046,0.00072,,,,
1586,0.006720000000000004,0.00072,,,,
1587,0.006740000000000003,0.0009600000000000001,,,,
1588,0.006760000000000002,0.00072,,,,
1589,0.006780000000000001,0.00064,,,,
1590,0.0068000000000000005,0.00072,,,,
1591,0.00682,0.00064,,,,
1592,0.006839999999999999,0.00048000000000000007,,,,
1593,0.006859999999999998,0.0004,,,,
1594,0.006880000000000004,0.00048000000000000007,,,,
1595,0.006900000000000003,0.00072,,,,
1596,0.0069200000000000025,0.00024000000000000003,,,,
1597,0.006940000000000002,0.00032,,,,
1598,0.006960000000000001,0.00016,,,,
1599,0.00698,0.00048000000000000007,,,,
1600,0.006999999999999999,0.00072,,,,
1601,0.0070199999999999985,0.00072,,,,
1602,0.007040000000000005,0.00048000000000000007,,,,
1603,0.007060000000000004,0.0009600000000000001,,,,
1604,0.007080000000000003,0.0008,,,,
1605,0.007100000000000002,0.00048000000000000007,,,,
1606,0.007120000000000001,0.0005600000000000001,,,,
1607,0.0071400000000000005,0.00048000000000000007,,,,
1608,0.00716,0.00064,,,,
1609,0.007179999999999999,0.00072,,,,
1610,0.007199999999999998,0.00064,,,,
1611,0.007220000000000004,0.00024000000000000003,,,,
1612,0.007240000000000003,0.00032,,,,
1613,0.0072600000000000026,0.00024000000000000003,,,,
1614,0.007280000000000002,0.0010400000000000001,,,,
1615,0.007300000000000001,0.00088,,,,
1616,0.00732,0.0005600000000000001,,,,
1617,0.007339999999999999,0.00048000000000000007,,,,
1618,0.0073599999999999985,0.00048000000000000007,,,,
1619,0.007380000000000005,0.00024000000000000003,,,,
1620,0.007400000000000004,0.00064,,,,
1621,0.007420000000000003,0.00048000000000000007,,,,
1622,0.007440000000000002,0.00088,,,,
1623,0.007460000000000001,0.00072,,,,
1624,0.0074800000000000005,0.00016,,,,
1625,0.0075,0.0005600000000000001,,,,
1626,0.007519999999999999,0.00064,,,,
1627,0.007539999999999998,0.0008,,,,
1628,0.007560000000000004,0.00048000000000000007,,,,
1629,0.007580000000000003,0.0010400000000000001,,,,
1630,0.007600000000000003,0.0008,,,,
1631,0.007620000000000002,0.00088,,,,
1632,0.007640000000000001,0.0005600000000000001,,,,
1633,0.00766,0.00032,,,,
1634,0.007679999999999999,0.00064,,,,
1635,0.0076999999999999985,0.00048000000000000007,,,,
1636,0.007720000000000005,0.00048000000000000007,,,,
1637,0.007740000000000004,0.0004,,,,
1638,0.007760000000000003,0.00072,,,,
1639,0.007780000000000002,0.00024000000000000003,,,,
1640,0.007800000000000001,0.00088,,,,
1641,0.00782,0.00048000000000000007,,,,
1642,0.00784,0.00032,,,,
1643,0.007859999999999999,0.00016,,,,
1644,0.007879999999999998,-0.00032,,,,
1645,0.007900000000000004,0.00048000000000000007,,,,
1646,0.007920000000000003,0.00072,,,,
1647,0.007940000000000003,0.00048000000000000007,,,,
1648,0.007960000000000002,0.00072,,,,
1649,0.007980000000000001,0.0004,,,,
1650,0.008,0.00088,,,,
1651,0.00802,0.00024000000000000003,,,,
1652,0.008039999999999999,0.00048000000000000007,,,,
1653,0.008060000000000005,0.0005600000000000001,,,,
1654,0.008080000000000004,0.00072,,,,
1655,0.008100000000000003,0.0004,,,,
1656,0.008120000000000002,0.00088,,,,
1657,0.008140000000000001,0.00024000000000000003,,,,
1658,0.00816,0.0005600000000000001,,,,
1659,0.00818,0.0010400000000000001,,,,
1660,0.008199999999999999,0.00048000000000000007,,,,
1661,0.008219999999999998,0.00048000000000000007,,,,
1662,0.008240000000000004,0.00064,,,,
1663,0.008260000000000003,8e-05,,,,
1664,0.008280000000000003,0.00072,,,,
1665,0.008300000000000002,0.0008,,,,
1666,0.008320000000000001,0.00072,,,,
1667,0.00834,0.00072,,,,
1668,0.00836,0.0008,,,,
1669,0.008379999999999999,0.00048000000000000007,,,,
1670,0.008400000000000005,0.00072,,,,
1671,0.008420000000000004,0.0005600000000000001,,,,
1672,0.008440000000000003,0.0008,,,,
1673,0.008460000000000002,0.00048000000000000007,,,,
1674,0.008480000000000001,0.00048000000000000007,,,,
1675,0.0085,0.00048000000000000007,,,,
1676,0.00852,0.00064,,,,
1677,0.008539999999999999,0.0005600000000000001,,,,
1678,0.008559999999999998,0.00072,,,,
1679,0.008580000000000004,0.00072,,,,
1680,0.008600000000000003,0.00064,,,,
1681,0.008620000000000003,0.00064,,,,
1682,0.008640000000000002,0.00088,,,,
1683,0.008660000000000001,0.00072,,,,
1684,0.00868,0.00048000000000000007,,,,
1685,0.0087,0.00072,,,,
1686,0.008719999999999999,0.00064,,,,
1687,0.008740000000000005,0.00064,,,,
1688,0.008760000000000004,0.00048000000000000007,,,,
1689,0.008780000000000003,0.0005600000000000001,,,,
1690,0.008800000000000002,8e-05,,,,
1691,0.008820000000000001,0.00072,,,,
1692,0.00884,0.00072,,,,
1693,0.00886,0.00032,,,,
1694,0.008879999999999999,0.00032,,,,
1695,0.008899999999999998,0.00072,,,,
1696,0.008920000000000004,0.00024000000000000003,,,,
1697,0.008940000000000003,0.0004,,,,
1698,0.008960000000000003,0.0005600000000000001,,,,
1699,0.008980000000000002,0.00048000000000000007,,,,
1700,0.009000000000000001,0.0009600000000000001,,,,
1701,0.00902,0.00048000000000000007,,,,
1702,0.00904,0.00048000000000000007,,,,
1703,0.009059999999999999,0.00032,,,,
1704,0.009080000000000005,0.00048000000000000007,,,,
1705,0.009100000000000004,0.00048000000000000007,,,,
1706,0.009120000000000003,0.00088,,,,
1707,0.009140000000000002,0.00064,,,,
1708,0.009160000000000001,0.00072,,,,
1709,0.00918,0.00048000000000000007,,,,
1710,0.0092,0.0008,,,,
1711,0.009219999999999999,0.00072,,,,
1712,0.009239999999999998,0.00048000000000000007,,,,
1713,0.009260000000000004,0.00024000000000000003,,,,
1714,0.009280000000000004,0.00048000000000000007,,,,
1715,0.009300000000000003,0.0005600000000000001,,,,
1716,0.009320000000000002,0.0009600000000000001,,,,
1717,0.009340000000000001,0.00072,,,,
1718,0.00936,0.0005600000000000001,,,,
1719,0.00938,0.00064,,,,
1720,0.009399999999999999,0.00048000000000000007,,,,
1721,0.009420000000000005,0.00048000000000000007,,,,
1722,0.009440000000000004,0.00048000000000000007,,,,
1723,0.009460000000000003,0.0008,,,,
1724,0.009480000000000002,0.00048000000000000007,,,,
1725,0.009500000000000001,0.0005600000000000001,,,,
1726,0.00952,0.00072,,,,
1727,0.00954,0.00048000000000000007,,,,
1728,0.009559999999999999,0.00072,,,,
1729,0.009579999999999998,0.00048000000000000007,,,,
1730,0.009600000000000004,0.00064,,,,
1731,0.009620000000000004,0.0005600000000000001,,,,
1732,0.009640000000000003,0.0004,,,,
1733,0.009660000000000002,0.0009600000000000001,,,,
1734,0.009680000000000001,0.0010400000000000001,,,,
1735,0.0097,0.00072,,,,
1736,0.00972,0.0005600000000000001,,,,
1737,0.009739999999999999,0.00032,,,,
1738,0.009760000000000005,0.00032,,,,
1739,0.009780000000000004,0.00064,,,,
1740,0.009800000000000003,0.00064,,,,
1741,0.009820000000000002,0.00024000000000000003,,,,
1742,0.009840000000000002,0.0010400000000000001,,,,
1743,0.00986,-8e-05,,,,
1744,0.00988,0.0005600000000000001,,,,
1745,0.009899999999999999,0.0004,,,,
1746,0.009919999999999998,0.0004,,,,
1747,0.009940000000000004,0.00024000000000000003,,,,
1748,0.009960000000000004,0.00072,,,,
1749,0.009980000000000003,8e-05,,,,
1750,0.010000000000000002,0.00048000000000000007,,,,
1751,0.010020000000000001,0.00048000000000000007,,,,
1752,0.01004,0.00072,,,,
1753,0.01006,0.0011200000000000001,,,,
1754,0.010079999999999999,0.0008,,,,
1755,0.010100000000000005,0.00048000000000000007,,,,
1756,0.010120000000000004,0.0004,,,,
1757,0.010140000000000003,0.00032,,,,
1758,0.010160000000000002,0.00088,,,,
1759,0.010180000000000002,0.00072,,,,
1760,0.0102,0.00072,,,,
1761,0.01022,0.00032,,,,
1762,0.010239999999999999,0.00024000000000000003,,,,
1763,0.010259999999999998,0.00048000000000000007,,,,
1764,0.010280000000000004,0.00072,,,,
1765,0.010300000000000004,0.00072,,,,
1766,0.010320000000000003,0.00048000000000000007,,,,
1767,0.010340000000000002,0.00048000000000000007,,,,
1768,0.010360000000000001,0.0010400000000000001,,,,
1769,0.01038,0.00072,,,,
1770,0.0104,0.0,,,,
1771,0.010419999999999999,0.00088,,,,
1772,0.010440000000000005,0.0005600000000000001,,,,
1773,0.010460000000000004,0.00032,,,,
1774,0.010480000000000003,0.0009600000000000001,,,,
1775,0.010500000000000002,0.00064,,,,
1776,0.010520000000000002,0.00024000000000000003,,,,
1777,0.01054,0.00048000000000000007,,,,
1778,0.01056,0.0005600000000000001,,,,
1779,0.010579999999999999,0.00048000000000000007,,,,
1780,0.010599999999999998,0.00072,,,,
1781,0.010620000000000004,0.00048000000000000007,,,,
1782,0.010640000000000004,0.0004,,,,
1783,0.010660000000000003,0.0005600000000000001,,,,
1784,0.010680000000000002,0.00088,,,,
1785,0.010700000000000001,0.00072,,,,
1786,0.01072,0.00048000000000000007,,,,
1787,0.01074,0.00064,,,,
1788,0.010759999999999999,0.00032,,,,
1789,0.010780000000000005,8e-05,,,,
1790,0.010800000000000004,0.00024000000000000003,,,,
1791,0.010820000000000003,0.00024000000000000003,,,,
1792,0.010840000000000002,0.00072,,,,
1793,0.010860000000000002,0.00048000000000000007,,,,
1794,0.01088,0.00048000000000000007,,,,
1795,0.0109,0.00088,,,,
1796,0.01092,0.00016,,,,
1797,0.010939999999999998,0.00064,,,,
1798,0.010960000000000004,0.00024000000000000003,,,,
1799,0.010980000000000004,0.0009600000000000001,,,,
1800,0.011000000000000003,0.00072,,,,
1801,0.011020000000000002,0.0005600000000000001,,,,
1802,0.011040000000000001,0.00048000000000000007,,,,
1803,0.01106,0.00064,,,,
1804,0.01108,0.00048000000000000007,,,,
1805,0.011099999999999999,0.00072,,,,
1806,0.011120000000000005,0.00024000000000000003,,,,
1807,0.011140000000000004,0.00048000000000000007,,,,
1808,0.011160000000000003,0.00048000000000000007,,,,
1809,0.011180000000000002,0.00072,,,,
1810,0.011200000000000002,0.0005600000000000001,,,,
1811,0.01122,0.00032,,,,
1812,0.01124,0.0004,,,,
1813,0.01126,0.00064,,,,
1814,0.011279999999999998,0.00064,,,,
1815,0.011300000000000004,0.00048000000000000007,,,,
1816,0.011320000000000004,0.0005600000000000001,,,,
1817,0.011340000000000003,0.00072,,,,
1818,0.011360000000000002,0.00088,,,,
1819,0.011380000000000001,0.0008,,,,
1820,0.0114,0.00064,,,,
1821,0.01142,0.0004,,,,
1822,0.011439999999999999,0.0005600000000000001,,,,
1823,0.011460000000000005,0.00064,,,,
1824,0.011480000000000004,0.00024000000000000003,,,,
1825,0.011500000000000003,8e-05,,,,
1826,0.011520000000000002,0.00072,,,,
1827,0.011540000000000002,0.00064,,,,
1828,0.01156,0.00024000000000000003,,,,
1829,0.01158,0.00064,,,,
1830,0.0116,0.00032,,,,
1831,0.011619999999999998,0.00024000000000000003,,,,
1832,0.011640000000000005,0.00064,,,,
1833,0.011660000000000004,0.00064,,,,
1834,0.011680000000000003,8e-05,,,,
1835,0.011700000000000002,0.00064,,,,
1836,0.011720000000000001,0.0004,,,,
1837,0.01174,0.00064,,,,
1838,0.01176,0.00024000000000000003,,,,
1839,0.011779999999999999,0.0004,,,,
1840,0.011800000000000005,0.0005600000000000001,,,,
1841,0.011820000000000004,0.00032,,,,
1842,0.011840000000000003,0.00016,,,,
1843,0.011860000000000002,0.00024000000000000003,,,,
1844,0.011880000000000002,0.0005600000000000001,,,,
1845,0.0119,0.00064,,,,
1846,0.01192,8e-05,,,,
1847,0.01194,0.00064,,,,
1848,0.011959999999999998,0.00064,,,,
1849,0.011980000000000005,0.0009600000000000001,,,,
1850,0.012000000000000004,0.0005600000000000001,,,,
1851,0.012020000000000003,0.00048000000000000007,,,,
1852,0.012040000000000002,0.00032,,,,
1853,0.012060000000000001,0.00048000000000000007,,,,
1854,0.01208,0.0004,,,,
1855,0.0121,-0.00016,,,,
1856,0.012119999999999999,0.00048000000000000007,,,,
1857,0.012140000000000005,0.00016,,,,
1858,0.012160000000000004,0.00072,,,,
1859,0.012180000000000003,0.00032,,,,
1860,0.012200000000000003,-8e-05,,,,
1861,0.012220000000000002,0.00088,,,,
1862,0.012240000000000001,0.0004,,,,
1863,0.01226,0.00048000000000000007,,,,
1864,0.01228,0.00048000000000000007,,,,
1865,0.012299999999999998,0.00024000000000000003,,,,
1866,0.012320000000000005,0.0005600000000000001,,,,
1867,0.012340000000000004,0.00032,,,,
1868,0.012360000000000003,0.00024000000000000003,,,,
1869,0.012380000000000002,0.0004,,,,
1870,0.012400000000000001,0.00048000000000000007,,,,
1871,0.01242,0.0004,,,,
1872,0.01244,0.00032,,,,
1873,0.012459999999999999,0.00072,,,,
1874,0.012480000000000005,0.0008,,,,
1875,0.012500000000000004,0.0005600000000000001,,,,
1876,0.012520000000000003,0.00048000000000000007,,,,
1877,0.012540000000000003,0.0005600000000000001,,,,
1878,0.012560000000000002,0.0005600000000000001,,,,
1879,0.012580000000000001,0.00048000000000000007,,,,
1880,0.0126,0.0004,,,,
1881,0.01262,0.00048000000000000007,,,,
1882,0.012639999999999998,0.00032,,,,
1883,0.012660000000000005,0.00048000000000000007,,,,
1884,0.012680000000000004,0.0005600000000000001,,,,
1885,0.012700000000000003,0.0005600000000000001,,,,
1886,0.012720000000000002,0.0005600000000000001,,,,
1887,0.012740000000000001,0.00048000000000000007,,,,
1888,0.01276,0.00032,,,,
1889,0.01278,0.0008,,,,
1890,0.012799999999999999,0.0005600000000000001,,,,
1891,0.012820000000000005,0.00024000000000000003,,,,
1892,0.012840000000000004,0.0005600000000000001,,,,
1893,0.012860000000000003,0.00072,,,,
1894,0.012880000000000003,0.00072,,,,
1895,0.012900000000000002,0.00048000000000000007,,,,
1896,0.012920000000000001,0.00032,,,,
1897,0.01294,0.00024000000000000003,,,,
1898,0.01296,0.00072,,,,
1899,0.012979999999999998,0.0008,,,,
1900,0.013000000000000005,0.00048000000000000007,,,,
1901,0.013020000000000004,0.00048000000000000007,,,,
1902,0.013040000000000003,0.00024000000000000003,,,,
1903,0.013060000000000002,0.00048000000000000007,,,,
1904,0.013080000000000001,0.00024000000000000003,,,,
1905,0.0131,0.00024000000000000003,,,,
1906,0.01312,0.0004,,,,
1907,0.013139999999999999,0.00024000000000000003,,,,
1908,0.013160000000000005,0.00016,,,,
1909,0.013180000000000004,0.00048000000000000007,,,,
1910,0.013200000000000003,0.0,,,,
1911,0.013220000000000003,0.0008,,,,
1912,0.013240000000000002,0.0004,,,,
1913,0.013260000000000001,0.00024000000000000003,,,,
1914,0.01328,0.0004,,,,
1915,0.0133,0.00048000000000000007,,,,
1916,0.013319999999999999,0.00024000000000000003,,,,
1917,0.013340000000000005,0.00064,,,,
1918,0.013360000000000004,0.00088,,,,
1919,0.013380000000000003,0.00088,,,,
1920,0.013400000000000002,0.0008,,,,
1921,0.013420000000000001,0.00032,,,,
1922,0.01344,0.00072,,,,
1923,0.01346,0.00024000000000000003,,,,
1924,0.013479999999999999,0.00048000000000000007,,,,
1925,0.013500000000000005,0.00024000000000000003,,,,
1926,0.013520000000000004,0.00032,,,,
1927,0.013540000000000003,0.00072,,,,
1928,0.013560000000000003,0.00024000000000000003,,,,
1929,0.013580000000000002,0.00072,,,,
1930,0.013600000000000001,0.00048000000000000007,,,,
1931,0.01362,0.00072,,,,
1932,0.01364,0.00032,,,,
1933,0.013659999999999999,0.00048000000000000007,,,,
1934,0.013680000000000005,0.0005600000000000001,,,,
1935,0.013700000000000004,0.0008,,,,
1936,0.013720000000000003,0.00064,,,,
1937,0.013740000000000002,0.00016,,,,
1938,0.013760000000000001,0.00072,,,,
1939,0.01378,0.0005600000000000001,,,,
1940,0.0138,0.00064,,,,
1941,0.013819999999999999,0.00048000000000000007,,,,
1942,0.013840000000000005,0.0008,,,,
1943,0.013860000000000004,0.00072,,,,
1944,0.013880000000000003,0.00072,,,,
1945,0.013900000000000003,0.00072,,,,
1946,0.013920000000000002,0.00048000000000000007,,,,
1947,0.013940000000000001,0.00048000000000000007,,,,
1948,0.01396,0.0005600000000000001,,,,
1949,0.01398,0.00024000000000000003,,,,
1950,0.013999999999999999,0.0011200000000000001,,,,
1951,0.014020000000000005,0.00048000000000000007,,,,
1952,0.014040000000000004,0.00072,,,,
1953,0.014060000000000003,0.00024000000000000003,,,,
1954,0.014080000000000002,0.00048000000000000007,,,,
1955,0.014100000000000001,0.00064,,,,
1956,0.01412,0.00048000000000000007,,,,
1957,0.01414,0.00048000000000000007,,,,
1958,0.014159999999999999,0.00048000000000000007,,,,
1959,0.014180000000000005,0.0009600000000000001,,,,
1960,0.014200000000000004,0.0010400000000000001,,,,
1961,0.014220000000000003,0.00024000000000000003,,,,
1962,0.014240000000000003,0.00024000000000000003,,,,
1963,0.014260000000000002,0.00048000000000000007,,,,
1964,0.014280000000000001,-8e-05,,,,
1965,0.0143,0.00048000000000000007,,,,
1966,0.01432,0.00032,,,,
1967,0.014339999999999999,0.0004,,,,
1968,0.014360000000000005,0.00064,,,,
1969,0.014380000000000004,0.00072,,,,
1970,0.014400000000000003,0.00064,,,,
1971,0.014420000000000002,0.00032,,,,
1972,0.014440000000000001,0.00048000000000000007,,,,
1973,0.01446,0.00064,,,,
1974,0.01448,0.00048000000000000007,,,,
1975,0.014499999999999999,0.0005600000000000001,,,,
1976,0.014520000000000005,0.00048000000000000007,,,,
1977,0.014540000000000004,0.0008,,,,
1978,0.014560000000000003,0.00072,,,,
1979,0.014580000000000003,0.00072,,,,
1980,0.014600000000000002,0.00072,,,,
1981,0.014620000000000001,0.00048000000000000007,,,,
1982,0.01464,0.0008,,,,
1983,0.01466,0.00072,,,,
1984,0.014679999999999999,0.00048000000000000007,,,,
1985,0.014700000000000005,0.00064,,,,
1986,0.014720000000000004,0.00064,,,,
1987,0.014740000000000003,0.00072,,,,
1988,0.014760000000000002,0.00064,,,,
1989,0.014780000000000001,0.0005600000000000001,,,,
1990,0.0148,0.00024000000000000003,,,,
1991,0.01482,0.0005600000000000001,,,,
1992,0.014839999999999999,0.0005600000000000001,,,,
1993,0.014860000000000005,0.00088,,,,
1994,0.014880000000000004,0.0004,,,,
1995,0.014900000000000004,0.00048000000000000007,,,,
1996,0.014920000000000003,0.00048000000000000007,,,,
1997,0.014940000000000002,0.00024000000000000003,,,,
1998,0.014960000000000001,0.0008,,,,
1999,0.01498,0.00048000000000000007,,,,
2000,0.015,0.00064,,,,
2001,0.015019999999999999,0.00072,,,,
2002,0.015040000000000005,0.00072,,,,
2003,0.015060000000000004,0.0008,,,,
2004,0.015080000000000003,0.00072,,,,
2005,0.015100000000000002,0.00048000000000000007,,,,
2006,0.015120000000000001,0.00088,,,,
2007,0.01514,0.00064,,,,
2008,0.01516,0.00072,,,,
2009,0.015179999999999999,0.00048000000000000007,,,,
2010,0.015200000000000005,0.0011200000000000001,,,,
2011,0.015220000000000004,0.00088,,,,
2012,0.015240000000000004,0.0010400000000000001,,,,
2013,0.015260000000000003,0.0008,,,,
2014,0.015280000000000002,0.0004,,,,
2015,0.015300000000000001,0.00048000000000000007,,,,
2016,0.01532,0.00072,,,,
2017,0.01534,0.0008,,,,
2018,0.015359999999999999,0.0004,,,,
2019,0.015380000000000005,0.00048000000000000007,,,,
2020,0.015400000000000004,0.00072,,,,
2021,0.015420000000000003,0.0008,,,,
2022,0.015440000000000002,0.00048000000000000007,,,,
2023,0.015460000000000002,0.00072,,,,
2024,0.01548,0.00072,,,,
2025,0.0155,0.00048000000000000007,,,,
2026,0.015519999999999999,0.0008,,,,
2027,0.015540000000000005,0.00048000000000000007,,,,
2028,0.015560000000000004,0.00072,,,,
2029,0.015580000000000004,0.00072,,,,
2030,0.015600000000000003,0.0005600000000000001,,,,
2031,0.015620000000000002,0.0005600000000000001,,,,
2032,0.01564,0.00048000000000000007,,,,
2033,0.01566,0.0004,,,,
2034,0.01568,0.00032,,,,
2035,0.0157,0.0,,,,
2036,0.015720000000000005,0.00072,,,,
2037,0.015740000000000004,0.0008,,,,
2038,0.015760000000000003,0.0011200000000000001,,,,
2039,0.015780000000000002,0.0008,,,,
2040,0.0158,-8e-05,,,,
2041,0.01582,0.00048000000000000007,,,,
2042,0.01584,0.00032,,,,
2043,0.01586,0.00048000000000000007,,,,
2044,0.015880000000000005,0.0005600000000000001,,,,
2045,0.015900000000000004,0.0005600000000000001,,,,
2046,0.015920000000000004,0.00072,,,,
2047,0.015940000000000003,0.00016,,,,
2048,0.015960000000000002,0.00072,,,,
2049,0.01598,0.00048000000000000007,,,,
2050,0.016,0.00048000000000000007,,,,
2051,0.01602,0.0004,,,,
2052,0.01604,0.00024000000000000003,,,,
2053,0.016060000000000005,0.0008,,,,
2054,0.016080000000000004,0.0008,,,,
2055,0.016100000000000003,0.00032,,,,
2056,0.016120000000000002,0.0005600000000000001,,,,
2057,0.01614,0.00072,,,,
2058,0.01616,0.0,,,,
2059,0.01618,0.00048000000000000007,,,,
2060,0.0162,0.0004,,,,
2061,0.016220000000000005,0.00088,,,,
2062,0.016240000000000004,0.00024000000000000003,,,,
2063,0.016260000000000004,0.00072,,,,
2064,0.016280000000000003,0.00048000000000000007,,,,
2065,0.016300000000000002,0.00016,,,,
2066,0.01632,0.00064,,,,
2067,0.01634,0.00024000000000000003,,,,
2068,0.01636,0.00088,,,,
2069,0.01638,0.00072,,,,
2070,0.016400000000000005,0.00032,,,,
2071,0.016420000000000004,0.00064,,,,
2072,0.016440000000000003,0.00064,,,,
2073,0.016460000000000002,0.00048000000000000007,,,,
2074,0.01648,0.0010400000000000001,,,,
2075,0.0165,0.0005600000000000001,,,,
2076,0.01652,0.0005600000000000001,,,,
2077,0.01654,0.00024000000000000003,,,,
2078,0.016560000000000005,0.00072,,,,
2079,0.016580000000000004,0.0010400000000000001,,,,
2080,0.016600000000000004,0.00048000000000000007,,,,
2081,0.016620000000000003,0.0005600000000000001,,,,
2082,0.016640000000000002,0.0005600000000000001,,,,
2083,0.01666,0.00088,,,,
2084,0.01668,0.00024000000000000003,,,,
2085,0.0167,0.00024000000000000003,,,,
2086,0.01672,0.00048000000000000007,,,,
2087,0.016740000000000005,0.0005600000000000001,,,,
2088,0.016760000000000004,0.0005600000000000001,,,,
2089,0.016780000000000003,0.0005600000000000001,,,,
2090,0.016800000000000002,0.0008,,,,
2091,0.01682,0.00072,,,,
2092,0.01684,0.00048000000000000007,,,,
2093,0.01686,0.0010400000000000001,,,,
2094,0.01688,0.00064,,,,
2095,0.016900000000000005,0.00072,,,,
2096,0.016920000000000004,0.00032,,,,
2097,0.016940000000000004,0.00048000000000000007,,,,
2098,0.016960000000000003,0.00048000000000000007,,,,
2099,0.016980000000000002,0.00048000000000000007,,,,
2100,0.017,0.00048000000000000007,,,,
2101,0.01702,0.00016,,,,
2102,0.01704,0.00072,,,,
2103,0.01706,0.00072,,,,
2104,0.017080000000000005,0.00024000000000000003,,,,
2105,0.017100000000000004,0.00072,,,,
2106,0.017120000000000003,0.00048000000000000007,,,,
2107,0.017140000000000002,0.00016,,,,
2108,0.01716,0.00032,,,,
2109,0.01718,0.00048000000000000007,,,,
2110,0.0172,0.00048000000000000007,,,,
2111,0.01722,0.00024000000000000003,,,,
2112,0.017240000000000005,0.00048000000000000007,,,,
2113,0.017260000000000005,0.00024000000000000003,,,,
2114,0.017280000000000004,0.00024000000000000003,,,,
2115,0.017300000000000003,0.00048000000000000007,,,,
2116,0.017320000000000002,0.0009600000000000001,,,,
2117,0.01734,0.00072,,,,
2118,0.01736,0.00064,,,,
2119,0.01738,0.00024000000000000003,,,,
2120,0.0174,0.00048000000000000007,,,,
2121,0.017420000000000005,0.00072,,,,
2122,0.017440000000000004,0.0008,,,,
2123,0.017460000000000003,0.00048000000000000007,,,,
2124,0.017480000000000002,0.00072,,,,
2125,0.0175,0.0004,,,,
2126,0.01752,0.0004,,,,
2127,0.01754,0.00088,,,,
2128,0.01756,0.0008,,,,
2129,0.017580000000000005,0.00072,,,,
2130,0.017600000000000005,0.00072,,,,
2131,0.017620000000000004,0.00048000000000000007,,,,
2132,0.017640000000000003,0.00072,,,,
2133,0.017660000000000002,0.0005600000000000001,,,,
2134,0.01768,0.0005600000000000001,,,,
2135,0.0177,0.00072,,,,
2136,0.01772,0.0005600000000000001,,,,
2137,0.01774,0.00072,,,,
2138,0.017760000000000005,0.00088,,,,
2139,0.017780000000000004,0.0004,,,,
2140,0.017800000000000003,0.00072,,,,
2141,0.017820000000000003,0.0005600000000000001,,,,
2142,0.01784,0.00024000000000000003,,,,
2143,0.01786,0.0005600000000000001,,,,
2144,0.01788,0.00024000000000000003,,,,
2145,0.0179,0.0005600000000000001,,,,
2146,0.017920000000000005,0.00032,,,,
2147,0.017940000000000005,0.0009600000000000001,,,,
2148,0.017960000000000004,0.00048000000000000007,,,,
2149,0.017980000000000003,0.00048000000000000007,,,,
2150,0.018000000000000002,0.00032,,,,
2151,0.01802,0.00024000000000000003,,,,
2152,0.01804,0.00048000000000000007,,,,
2153,0.01806,0.00072,,,,
2154,0.01808,8e-05,,,,
2155,0.018100000000000005,0.00032,,,,
2156,0.018120000000000004,0.00088,,,,
2157,0.018140000000000003,0.0011200000000000001,,,,
2158,0.018160000000000003,0.0010400000000000001,,,,
2159,0.01818,0.00048000000000000007,,,,
2160,0.0182,0.00048000000000000007,,,,
2161,0.01822,0.00072,,,,
2162,0.01824,0.00048000000000000007,,,,
2163,0.018260000000000005,0.00088,,,,
2164,0.018280000000000005,0.0009600000000000001,,,,
2165,0.018300000000000004,0.0004,,,,
2166,0.018320000000000003,0.00064,,,,
2167,0.018340000000000002,8e-05,,,,
2168,0.01836,0.00032,,,,
2169,0.01838,0.0012000000000000001,,,,
2170,0.0184,0.00088,,,,
2171,0.01842,0.00048000000000000007,,,,
2172,0.018440000000000005,0.00064,,,,
2173,0.018460000000000004,0.0009600000000000001,,,,
2174,0.018480000000000003,0.00072,,,,
2175,0.018500000000000003,0.00048000000000000007,,,,
2176,0.018520000000000002,0.00048000000000000007,,,,
2177,0.01854,0.0005600000000000001,,,,
2178,0.01856,0.00144,,,,
2179,0.01858,0.00064,,,,
2180,0.018600000000000005,-0.00144,,,,
2181,0.018620000000000005,0.0004,,,,
2182,0.018640000000000004,0.00048000000000000007,,,,
2183,0.018660000000000003,0.0005600000000000001,,,,
2184,0.018680000000000002,8e-05,,,,
2185,0.0187,0.0004,,,,
2186,0.01872,0.0005600000000000001,,,,
2187,0.01874,0.00024000000000000003,,,,
2188,0.01876,0.0010400000000000001,,,,
2189,0.018780000000000005,0.0004,,,,
2190,0.018800000000000004,0.00072,,,,
2191,0.018820000000000003,0.0004,,,,
2192,0.018840000000000003,0.00048000000000000007,,,,
2193,0.018860000000000002,0.00064,,,,
2194,0.01888,0.00048000000000000007,,,,
2195,0.0189,8e-05,,,,
2196,0.01892,0.00072,,,,
2197,0.018940000000000005,0.0009600000000000001,,,,
2198,0.018960000000000005,0.00064,,,,
2199,0.018980000000000004,0.00072,,,,
2200,0.019000000000000003,0.0005600000000000001,,,,
2201,0.019020000000000002,0.00048000000000000007,,,,
2202,0.01904,0.0005600000000000001,,,,
2203,0.01906,0.00048000000000000007,,,,
2204,0.01908,0.0005600000000000001,,,,
2205,0.0191,0.00048000000000000007,,,,
2206,0.019120000000000005,0.00072,,,,
2207,0.019140000000000004,0.00048000000000000007,,,,
2208,0.019160000000000003,0.00072,,,,
2209,0.019180000000000003,0.00024000000000000003,,,,
2210,0.019200000000000002,0.00048000000000000007,,,,
2211,0.01922,0.00064,,,,
2212,0.01924,0.00016,,,,
2213,0.01926,0.00064,,,,
2214,0.019280000000000005,0.00064,,,,
2215,0.019300000000000005,0.0010400000000000001,,,,
2216,0.019320000000000004,0.00048000000000000007,,,,
2217,0.019340000000000003,0.00048000000000000007,,,,
2218,0.019360000000000002,0.00048000000000000007,,,,
2219,0.01938,0.0005600000000000001,,,,
2220,0.0194,0.0008,,,,
2221,0.01942,0.00064,,,,
2222,0.01944,0.0005600000000000001,,,,
2223,0.019460000000000005,0.00032,,,,
2224,0.019480000000000004,0.0004,,,,
2225,0.019500000000000003,0.00016,,,,
2226,0.019520000000000003,0.00032,,,,
2227,0.019540000000000002,0.00024000000000000003,,,,
2228,0.01956,0.00024000000000000003,,,,
2229,0.01958,0.0008,,,,
2230,0.0196,0.00072,,,,
2231,0.019620000000000005,0.00048000000000000007,,,,
2232,0.019640000000000005,0.00064,,,,
2233,0.019660000000000004,0.00072,,,,
2234,0.019680000000000003,0.0010400000000000001,,,,
2235,0.019700000000000002,0.00048000000000000007,,,,
2236,0.01972,0.00032,,,,
2237,0.01974,0.00088,,,,
2238,0.01976,0.0005600000000000001,,,,
2239,0.01978,0.00048000000000000007,,,,
2240,0.019800000000000005,0.0004,,,,
2241,0.019820000000000004,0.00072,,,,
2242,0.019840000000000003,0.00024000000000000003,,,,
2243,0.019860000000000003,0.00048000000000000007,,,,
2244,0.019880000000000002,0.00072,,,,
2245,0.0199,0.00048000000000000007,,,,
2246,0.01992,0.00048000000000000007,,,,
2247,0.01994,0.0008,,,,
2248,0.019960000000000006,0.00064,,,,
2249,0.019980000000000005,0.00088,,,,
2250,0.020000000000000004,0.00072,,,,
2251,0.020020000000000003,0.00048000000000000007,,,,
2252,0.020040000000000002,0.0005600000000000001,,,,
2253,0.02006,0.00072,,,,
2254,0.02008,0.00072,,,,
2255,0.0201,0.00016,,,,
2256,0.02012,0.00048000000000000007,,,,
2257,0.020140000000000005,0.00048000000000000007,,,,
2258,0.020160000000000004,0.0005600000000000001,,,,
2259,0.020180000000000003,0.00072,,,,
2260,0.020200000000000003,0.00072,,,,
2261,0.020220000000000002,0.00048000000000000007,,,,
2262,0.02024,0.00064,,,,
2263,0.02026,0.00048000000000000007,,,,
2264,0.02028,0.00048000000000000007,,,,
2265,0.020300000000000006,0.00072,,,,
2266,0.020320000000000005,0.00032,,,,
2267,0.020340000000000004,0.00048000000000000007,,,,
2268,0.020360000000000003,0.00064,,,,
2269,0.020380000000000002,0.0,,,,
2270,0.0204,0.00072,,,,
2271,0.02042,0.00024000000000000003,,,,
2272,0.02044,0.0008,,,,
2273,0.02046,0.0008,,,,
2274,0.020480000000000005,0.0008,,,,
2275,0.020500000000000004,0.00064,,,,
2276,0.020520000000000004,0.00072,,,,
2277,0.020540000000000003,0.00048000000000000007,,,,
2278,0.020560000000000002,0.00064,,,,
2279,0.02058,0.0004,,,,
2280,0.0206,0.0005600000000000001,,,,
2281,0.02062,0.00048000000000000007,,,,
2282,0.020640000000000006,0.00072,,,,
2283,0.020660000000000005,0.00064,,,,
2284,0.020680000000000004,0.00064,,,,
2285,0.020700000000000003,0.00072,,,,
2286,0.020720000000000002,0.00088,,,,
2287,0.02074,0.00032,,,,
2288,0.02076,0.00064,,,,
2289,0.02078,0.00072,,,,
2290,0.0208,0.0004,,,,
2291,0.020820000000000005,0.00024000000000000003,,,,
2292,0.020840000000000004,0.0005600000000000001,,,,
2293,0.020860000000000004,0.0004,,,,
2294,0.020880000000000003,0.00072,,,,
2295,0.020900000000000002,0.00072,,,,
2296,0.02092,0.00064,,,,
2297,0.02094,0.00048000000000000007,,,,
2298,0.02096,0.00024000000000000003,,,,
2299,0.020980000000000006,0.0005600000000000001,,,,
2300,0.021000000000000005,0.00064,,,,
2301,0.021020000000000004,0.00072,,,,
2302,0.021040000000000003,0.00032,,,,
2303,0.021060000000000002,0.00048000000000000007,,,,
2304,0.02108,0.00016,,,,
2305,0.0211,0.00048000000000000007,,,,
2306,0.02112,0.00048000000000000007,,,,
2307,0.02114,0.00048000000000000007,,,,
2308,0.021160000000000005,0.00072,,,,
2309,0.021180000000000004,0.0004,,,,
2310,0.021200000000000004,0.0004,,,,
2311,0.021220000000000003,0.0009600000000000001,,,,
2312,0.021240000000000002,0.0005600000000000001,,,,
2313,0.02126,0.00048000000000000007,,,,
2314,0.02128,0.00064,,,,
2315,0.0213,0.0,,,,
2316,0.021320000000000006,0.00072,,,,
2317,0.021340000000000005,0.00072,,,,
2318,0.021360000000000004,0.00048000000000000007,,,,
2319,0.021380000000000003,0.00032,,,,
2320,0.021400000000000002,0.00072,,,,
2321,0.02142,0.0008,,,,
2322,0.02144,0.00024000000000000003,,,,
2323,0.02146,0.00088,,,,
2324,0.02148,0.0008,,,,
2325,0.021500000000000005,0.00048000000000000007,,,,
2326,0.021520000000000004,0.00032,,,,
2327,0.021540000000000004,0.00048000000000000007,,,,
2328,0.021560000000000003,0.00032,,,,
2329,0.021580000000000002,0.00048000000000000007,,,,
2330,0.0216,0.0004,,,,
2331,0.02162,-8e-05,,,,
2332,0.02164,0.0004,,,,
2333,0.021660000000000006,0.00024000000000000003,,,,
2334,0.021680000000000005,0.00072,,,,
2335,0.021700000000000004,0.00032,,,,
2336,0.021720000000000003,0.00048000000000000007,,,,
2337,0.021740000000000002,0.0004,,,,
2338,0.02176,0.00016,,,,
2339,0.02178,0.00024000000000000003,,,,
2340,0.0218,0.00072,,,,
2341,0.02182,0.0005600000000000001,,,,
2342,0.021840000000000005,0.0005600000000000001,,,,
2343,0.021860000000000004,0.00024000000000000003,,,,
2344,0.021880000000000004,0.00064,,,,
2345,0.021900000000000003,0.00064,,,,
2346,0.021920000000000002,0.00072,,,,
2347,0.02194,0.0009600000000000001,,,,
2348,0.02196,0.00072,,,,
2349,0.02198,0.00048000000000000007,,,,
2350,0.022000000000000006,0.00064,,,,
2351,0.022020000000000005,0.0004,,,,
2352,0.022040000000000004,0.0005600000000000001,,,,
2353,0.022060000000000003,0.00072,,,,
2354,0.022080000000000002,0.0005600000000000001,,,,
2355,0.0221,0.0005600000000000001,,,,
2356,0.02212,0.00024000000000000003,,,,
2357,0.02214,0.0005600000000000001,,,,
2358,0.02216,0.00032,,,,
2359,0.022180000000000005,0.00072,,,,
2360,0.022200000000000004,0.0008,,,,
2361,0.022220000000000004,0.00072,,,,
2362,0.022240000000000003,0.00048000000000000007,,,,
2363,0.022260000000000002,0.00032,,,,
2364,0.02228,0.00048000000000000007,,,,
2365,0.0223,0.00072,,,,
2366,0.02232,0.0005600000000000001,,,,
2367,0.022340000000000006,0.00024000000000000003,,,,
2368,0.022360000000000005,0.0008,,,,
2369,0.022380000000000004,0.00064,,,,
2370,0.022400000000000003,0.0004,,,,
2371,0.022420000000000002,0.00024000000000000003,,,,
2372,0.02244,0.0005600000000000001,,,,
2373,0.02246,8e-05,,,,
2374,0.02248,0.00048000000000000007,,,,
2375,0.0225,0.00088,,,,
2376,0.022520000000000005,0.00024000000000000003,,,,
2377,0.022540000000000004,0.0004,,,,
2378,0.022560000000000004,0.0010400000000000001,,,,
2379,0.022580000000000003,0.0005600000000000001,,,,
2380,0.022600000000000002,0.0005600000000000001,,,,
2381,0.02262,0.00072,,,,
2382,0.02264,0.00072,,,,
2383,0.02266,0.00048000000000000007,,,,
2384,0.022680000000000006,0.0005600000000000001,,,,
2385,0.022700000000000005,0.00048000000000000007,,,,
2386,0.022720000000000004,0.00048000000000000007,,,,
2387,0.022740000000000003,0.0008,,,,
2388,0.022760000000000002,0.0005600000000000001,,,,
2389,0.02278,0.0004,,,,
2390,0.0228,0.00048000000000000007,,,,
2391,0.02282,0.0005600000000000001,,,,
2392,0.02284,0.0008,,,,
2393,0.022860000000000005,0.00048000000000000007,,,,
2394,0.022880000000000005,0.00048000000000000007,,,,
2395,0.022900000000000004,0.0004,,,,
2396,0.022920000000000003,0.0008,,,,
2397,0.022940000000000002,0.00032,,,,
2398,0.02296,0.00088,,,,
2399,0.02298,0.00048000000000000007,,,,
2400,0.023,0.00064,,,,
2401,0.023020000000000006,0.00024000000000000003,,,,
2402,0.023040000000000005,0.0008,,,,
2403,0.023060000000000004,0.0005600000000000001,,,,
2404,0.023080000000000003,0.00088,,,,
2405,0.023100000000000002,0.0011200000000000001,,,,
2406,0.02312,0.00072,,,,
2407,0.02314,0.00016,,,,
2408,0.02316,0.00016,,,,
2409,0.02318,0.0008,,,,
2410,0.023200000000000005,0.00072,,,,
2411,0.023220000000000005,0.00064,,,,
2412,0.023240000000000004,0.00064,,,,
2413,0.023260000000000003,0.00064,,,,
2414,0.023280000000000002,0.0004,,,,
2415,0.0233,0.0004,,,,
2416,0.02332,0.00064,,,,
2417,0.02334,0.00032,,,,
2418,0.023360000000000006,0.00064,,,,
2419,0.023380000000000005,0.00016,,,,
2420,0.023400000000000004,0.0005600000000000001,,,,
2421,0.023420000000000003,0.00064,,,,
2422,0.023440000000000003,0.0004,,,,
2423,0.02346,0.0005600000000000001,,,,
2424,0.02348,0.0004,,,,
2425,0.0235,0.00016,,,,
2426,0.02352,0.00048000000000000007,,,,
2427,0.023540000000000005,0.00024000000000000003,,,,
2428,0.023560000000000005,0.00072,,,,
2429,0.023580000000000004,0.00088,,,,
2430,0.023600000000000003,0.00048000000000000007,,,,
2431,0.023620000000000002,0.0004,,,,
2432,0.02364,0.00032,,,,
2433,0.02366,0.00072,,,,
2434,0.02368,0.00016,,,,
2435,0.023700000000000006,0.00048000000000000007,,,,
2436,0.023720000000000005,0.00032,,,,
2437,0.023740000000000004,0.00032,,,,
2438,0.023760000000000003,0.0004,,,,
2439,0.023780000000000003,0.0005600000000000001,,,,
2440,0.0238,0.0004,,,,
2441,0.02382,0.00048000000000000007,,,,
2442,0.02384,0.00024000000000000003,,,,
2443,0.02386,0.0,,,,
2444,0.023880000000000005,0.00048000000000000007,,,,
2445,0.023900000000000005,0.0004,,,,
2446,0.023920000000000004,0.00024000000000000003,,,,
2447,0.023940000000000003,0.0005600000000000001,,,,
2448,0.023960000000000002,0.00024000000000000003,,,,
2449,0.02398,0.00064,,,,
2450,0.024,0.00032,,,,
2451,0.02402,0.0005600000000000001,,,,
2452,0.024040000000000006,0.00072,,,,
2453,0.024060000000000005,0.00064,,,,
2454,0.024080000000000004,0.00072,,,,
2455,0.024100000000000003,0.00048000000000000007,,,,
2456,0.024120000000000003,0.00032,,,,
2457,0.02414,0.00072,,,,
2458,0.02416,0.00064,,,,
2459,0.02418,0.00048000000000000007,,,,
2460,0.0242,0.00072,,,,
2461,0.024220000000000005,0.00048000000000000007,,,,
2462,0.024240000000000005,0.0005600000000000001,,,,
2463,0.024260000000000004,0.00064,,,,
2464,0.024280000000000003,0.00064,,,,
2465,0.024300000000000002,0.00024000000000000003,,,,
2466,0.02432,0.00064,,,,
2467,0.02434,0.00072,,,,
2468,0.02436,0.0005600000000000001,,,,
2469,0.024380000000000006,0.0008,,,,
2470,0.024400000000000005,0.00048000000000000007,,,,
2471,0.024420000000000004,0.0005600000000000001,,,,
2472,0.024440000000000003,0.00024000000000000003,,,,
2473,0.024460000000000003,0.00024000000000000003,,,,
2474,0.024480000000000002,0.0008,,,,
2475,0.0245,0.0009600000000000001,,,,
2476,0.02452,0.00064,,,,
2477,0.02454,0.00048000000000000007,,,,
2478,0.024560000000000005,0.0008,,,,
2479,0.024580000000000005,0.0004,,,,
2480,0.024600000000000004,0.0005600000000000001,,,,
2481,0.024620000000000003,0.0005600000000000001,,,,
2482,0.024640000000000002,0.00032,,,,
2483,0.02466,0.0005600000000000001,,,,
2484,0.02468,0.00064,,,,
2485,0.0247,0.00064,,,,
2486,0.024720000000000006,0.00088,,,,
2487,0.024740000000000005,8e-05,,,,
2488,0.024760000000000004,0.0004,,,,
2489,0.024780000000000003,0.00072,,,,
2490,0.024800000000000003,0.00048000000000000007,,,,
2491,0.024820000000000002,0.0005600000000000001,,,,
2492,0.02484,0.00072,,,,
2493,0.02486,0.0005600000000000001,,,,
2494,0.02488,0.00064,,,,
2495,0.024900000000000005,0.00032,,,,
2496,0.024920000000000005,0.00064,,,,
2497,0.024940000000000004,0.0004,,,,
2498,0.024960000000000003,0.00064,,,,
2499,0.024980000000000002,0.00032,,,,
