,Datos,Tiempo,Tiempo de integraci√≥n [ms],Polarizacion grande,Polarizacion chica
0,-0.05,-0.608,10.0,0.0,0.0
1,-0.049960000000000004,-0.6,,,
2,-0.049920000000000006,-0.628,,,
3,-0.04988,-0.656,,,
4,-0.04984,-0.64,,,
5,-0.049800000000000004,-0.628,,,
6,-0.049760000000000006,-0.636,,,
7,-0.04972,-0.672,,,
8,-0.04968,-0.676,,,
9,-0.049640000000000004,-0.632,,,
10,-0.049600000000000005,-0.644,,,
11,-0.04956,-0.5760000000000001,,,
12,-0.04952,-0.632,,,
13,-0.04948,-0.624,,,
14,-0.049440000000000005,-0.596,,,
15,-0.0494,-0.584,,,
16,-0.04936,-0.58,,,
17,-0.04932,-0.612,,,
18,-0.049280000000000004,-0.584,,,
19,-0.049240000000000006,-0.56,,,
20,-0.0492,-0.544,,,
21,-0.04916,-0.532,,,
22,-0.049120000000000004,-0.512,,,
23,-0.049080000000000006,-0.536,,,
24,-0.04904,-0.548,,,
25,-0.049,-0.56,,,
26,-0.048960000000000004,-0.56,,,
27,-0.048920000000000005,-0.584,,,
28,-0.04888,-0.6,,,
29,-0.04884,-0.596,,,
30,-0.0488,-0.58,,,
31,-0.048760000000000005,-0.544,,,
32,-0.04872,-0.54,,,
33,-0.04868,-0.584,,,
34,-0.04864,-0.548,,,
35,-0.048600000000000004,-0.52,,,
36,-0.048560000000000006,-0.464,,,
37,-0.04852,-0.496,,,
38,-0.04848,-0.524,,,
39,-0.048440000000000004,-0.508,,,
40,-0.048400000000000006,-0.512,,,
41,-0.04836,-0.544,,,
42,-0.04832,-0.528,,,
43,-0.04828,-0.552,,,
44,-0.048240000000000005,-0.552,,,
45,-0.0482,-0.552,,,
46,-0.04816,-0.5640000000000001,,,
47,-0.04812,-0.548,,,
48,-0.048080000000000005,-0.544,,,
49,-0.04804,-0.58,,,
50,-0.048,-0.596,,,
51,-0.04796,-0.604,,,
52,-0.047920000000000004,-0.52,,,
53,-0.047880000000000006,-0.54,,,
54,-0.04784,-0.544,,,
55,-0.0478,-0.54,,,
56,-0.047760000000000004,-0.54,,,
57,-0.047720000000000005,-0.588,,,
58,-0.04768,-0.556,,,
59,-0.04764,-0.5720000000000001,,,
60,-0.0476,-0.592,,,
61,-0.047560000000000005,-0.56,,,
62,-0.04752,-0.544,,,
63,-0.04748,-0.544,,,
64,-0.04744,-0.548,,,
65,-0.047400000000000005,-0.496,,,
66,-0.04736,-0.516,,,
67,-0.04732,-0.508,,,
68,-0.04728,-0.48,,,
69,-0.047240000000000004,-0.48,,,
70,-0.047200000000000006,-0.512,,,
71,-0.04716,-0.452,,,
72,-0.04712,-0.464,,,
73,-0.047080000000000004,-0.47200000000000003,,,
74,-0.047040000000000005,-0.52,,,
75,-0.047,-0.556,,,
76,-0.04696,-0.552,,,
77,-0.04692,-0.588,,,
78,-0.046880000000000005,-0.624,,,
79,-0.04684,-0.6,,,
80,-0.0468,-0.5640000000000001,,,
81,-0.04676,-0.548,,,
82,-0.046720000000000005,-0.516,,,
83,-0.04668,-0.556,,,
84,-0.04664,-0.56,,,
85,-0.0466,-0.5720000000000001,,,
86,-0.046560000000000004,-0.596,,,
87,-0.046520000000000006,-0.624,,,
88,-0.04648,-0.6,,,
89,-0.04644,-0.624,,,
90,-0.046400000000000004,-0.624,,,
91,-0.046360000000000005,-0.62,,,
92,-0.04632,-0.58,,,
93,-0.04628,-0.5640000000000001,,,
94,-0.04624,-0.556,,,
95,-0.046200000000000005,-0.52,,,
96,-0.04616,-0.544,,,
97,-0.04612,-0.536,,,
98,-0.04608,-0.548,,,
99,-0.046040000000000005,-0.552,,,
100,-0.046,-0.584,,,
101,-0.04596,-0.5680000000000001,,,
102,-0.04592,-0.5640000000000001,,,
103,-0.045880000000000004,-0.592,,,
104,-0.045840000000000006,-0.5720000000000001,,,
105,-0.0458,-0.596,,,
106,-0.04576,-0.5680000000000001,,,
107,-0.045720000000000004,-0.532,,,
108,-0.045680000000000005,-0.536,,,
109,-0.04564,-0.528,,,
110,-0.0456,-0.5,,,
111,-0.04556,-0.524,,,
112,-0.045520000000000005,-0.524,,,
113,-0.04548,-0.556,,,
114,-0.04544,-0.588,,,
115,-0.0454,-0.6,,,
116,-0.045360000000000004,-0.604,,,
117,-0.04532,-0.596,,,
118,-0.04528,-0.588,,,
119,-0.04524,-0.5760000000000001,,,
120,-0.045200000000000004,-0.592,,,
121,-0.045160000000000006,-0.536,,,
122,-0.04512,-0.552,,,
123,-0.04508,-0.624,,,
124,-0.045040000000000004,-0.612,,,
125,-0.045000000000000005,-0.596,,,
126,-0.04496,-0.56,,,
127,-0.04492,-0.532,,,
128,-0.04488,-0.532,,,
129,-0.044840000000000005,-0.528,,,
130,-0.0448,-0.58,,,
131,-0.04476,-0.58,,,
132,-0.04472,-0.5720000000000001,,,
133,-0.044680000000000004,-0.54,,,
134,-0.04464,-0.556,,,
135,-0.0446,-0.584,,,
136,-0.04456,-0.556,,,
137,-0.044520000000000004,-0.56,,,
138,-0.044480000000000006,-0.532,,,
139,-0.04444,-0.548,,,
140,-0.0444,-0.532,,,
141,-0.044360000000000004,-0.528,,,
142,-0.044320000000000005,-0.536,,,
143,-0.04428,-0.552,,,
144,-0.04424,-0.584,,,
145,-0.0442,-0.5760000000000001,,,
146,-0.044160000000000005,-0.588,,,
147,-0.04412,-0.5720000000000001,,,
148,-0.04408,-0.556,,,
149,-0.04404,-0.584,,,
150,-0.044000000000000004,-0.584,,,
151,-0.04396,-0.612,,,
152,-0.04392,-0.556,,,
153,-0.04388,-0.532,,,
154,-0.043840000000000004,-0.504,,,
155,-0.043800000000000006,-0.52,,,
156,-0.04376,-0.5640000000000001,,,
157,-0.04372,-0.532,,,
158,-0.043680000000000004,-0.512,,,
159,-0.043640000000000005,-0.532,,,
160,-0.0436,-0.56,,,
161,-0.04356,-0.5680000000000001,,,
162,-0.04352,-0.532,,,
163,-0.043480000000000005,-0.56,,,
164,-0.04344,-0.548,,,
165,-0.0434,-0.512,,,
166,-0.04336,-0.52,,,
167,-0.043320000000000004,-0.556,,,
168,-0.04328,-0.58,,,
169,-0.04324,-0.548,,,
170,-0.0432,-0.528,,,
171,-0.043160000000000004,-0.484,,,
172,-0.043120000000000006,-0.508,,,
173,-0.04308,-0.524,,,
174,-0.04304,-0.548,,,
175,-0.043000000000000003,-0.584,,,
176,-0.042960000000000005,-0.588,,,
177,-0.04292,-0.544,,,
178,-0.04288,-0.5680000000000001,,,
179,-0.04284,-0.56,,,
180,-0.042800000000000005,-0.536,,,
181,-0.04276,-0.548,,,
182,-0.04272,-0.536,,,
183,-0.04268,-0.524,,,
184,-0.042640000000000004,-0.484,,,
185,-0.0426,-0.52,,,
186,-0.04256,-0.496,,,
187,-0.04252,-0.496,,,
188,-0.042480000000000004,-0.504,,,
189,-0.042440000000000005,-0.504,,,
190,-0.0424,-0.536,,,
191,-0.04236,-0.516,,,
192,-0.04232,-0.548,,,
193,-0.042280000000000005,-0.536,,,
194,-0.04224,-0.508,,,
195,-0.0422,-0.516,,,
196,-0.04216,-0.496,,,
197,-0.042120000000000005,-0.516,,,
198,-0.042080000000000006,-0.5680000000000001,,,
199,-0.04204,-0.5720000000000001,,,
200,-0.042,-0.56,,,
201,-0.041960000000000004,-0.548,,,
202,-0.04192,-0.556,,,
203,-0.04188,-0.5720000000000001,,,
204,-0.04184,-0.5680000000000001,,,
205,-0.041800000000000004,-0.5720000000000001,,,
206,-0.041760000000000005,-0.5760000000000001,,,
207,-0.04172,-0.5640000000000001,,,
208,-0.04168,-0.596,,,
209,-0.04164,-0.588,,,
210,-0.0416,-0.616,,,
211,-0.04156,-0.604,,,
212,-0.04152,-0.552,,,
213,-0.04148,-0.596,,,
214,-0.041440000000000005,-0.5760000000000001,,,
215,-0.041400000000000006,-0.612,,,
216,-0.04136,-0.608,,,
217,-0.04132,-0.632,,,
218,-0.041280000000000004,-0.604,,,
219,-0.04124,-0.5760000000000001,,,
220,-0.0412,-0.528,,,
221,-0.04116,-0.512,,,
222,-0.041120000000000004,-0.536,,,
223,-0.041080000000000005,-0.5680000000000001,,,
224,-0.04104,-0.528,,,
225,-0.041,-0.528,,,
226,-0.04096,-0.596,,,
227,-0.04092,-0.636,,,
228,-0.04088,-0.612,,,
229,-0.04084,-0.636,,,
230,-0.0408,-0.596,,,
231,-0.040760000000000005,-0.644,,,
232,-0.040720000000000006,-0.592,,,
233,-0.04068,-0.6,,,
234,-0.04064,-0.6,,,
235,-0.040600000000000004,-0.6,,,
236,-0.04056,-0.668,,,
237,-0.04052,-0.664,,,
238,-0.04048,-0.66,,,
239,-0.040440000000000004,-0.632,,,
240,-0.040400000000000005,-0.624,,,
241,-0.04036,-0.6,,,
242,-0.04032,-0.552,,,
243,-0.04028,-0.524,,,
244,-0.04024,-0.54,,,
245,-0.0402,-0.528,,,
246,-0.04016,-0.52,,,
247,-0.04012,-0.528,,,
248,-0.040080000000000005,-0.548,,,
249,-0.040040000000000006,-0.5720000000000001,,,
250,-0.04,-0.5720000000000001,,,
251,-0.03996,-0.5640000000000001,,,
252,-0.039920000000000004,-0.612,,,
253,-0.03988,-0.64,,,
254,-0.03984,-0.62,,,
255,-0.0398,-0.596,,,
256,-0.039760000000000004,-0.644,,,
257,-0.039720000000000005,-0.62,,,
258,-0.03968,-0.628,,,
259,-0.03964,-0.608,,,
260,-0.0396,-0.596,,,
261,-0.03956,-0.592,,,
262,-0.03952,-0.676,,,
263,-0.03948,-0.72,,,
264,-0.03944,-0.66,,,
265,-0.039400000000000004,-0.624,,,
266,-0.039360000000000006,-0.58,,,
267,-0.03932,-0.604,,,
268,-0.03928,-0.584,,,
269,-0.039240000000000004,-0.504,,,
270,-0.0392,-0.54,,,
271,-0.03916,-0.548,,,
272,-0.03912,-0.536,,,
273,-0.039080000000000004,-0.56,,,
274,-0.039040000000000005,-0.62,,,
275,-0.039,-0.62,,,
276,-0.03896,-0.652,,,
277,-0.03892,-0.624,,,
278,-0.03888,-0.5760000000000001,,,
279,-0.03884,-0.5680000000000001,,,
280,-0.0388,-0.544,,,
281,-0.03876,-0.512,,,
282,-0.038720000000000004,-0.544,,,
283,-0.038680000000000006,-0.56,,,
284,-0.03864,-0.56,,,
285,-0.0386,-0.54,,,
286,-0.038560000000000004,-0.488,,,
287,-0.03852,-0.496,,,
288,-0.03848,-0.524,,,
289,-0.03844,-0.492,,,
290,-0.038400000000000004,-0.5,,,
291,-0.038360000000000005,-0.47600000000000003,,,
292,-0.03832,-0.46,,,
293,-0.03828,-0.456,,,
294,-0.03824,-0.548,,,
295,-0.0382,-0.56,,,
296,-0.03816,-0.556,,,
297,-0.03812,-0.628,,,
298,-0.03808,-0.608,,,
299,-0.038040000000000004,-0.596,,,
300,-0.038000000000000006,-0.5680000000000001,,,
301,-0.03796,-0.5720000000000001,,,
302,-0.03792,-0.548,,,
303,-0.037880000000000004,-0.536,,,
304,-0.03784,-0.56,,,
305,-0.0378,-0.532,,,
306,-0.03776,-0.552,,,
307,-0.037720000000000004,-0.552,,,
308,-0.037680000000000005,-0.584,,,
309,-0.03764,-0.62,,,
310,-0.0376,-0.612,,,
311,-0.03756,-0.632,,,
312,-0.03752,-0.676,,,
313,-0.03748,-0.632,,,
314,-0.03744,-0.616,,,
315,-0.0374,-0.66,,,
316,-0.037360000000000004,-0.624,,,
317,-0.037320000000000006,-0.648,,,
318,-0.03728,-0.624,,,
319,-0.03724,-0.656,,,
320,-0.037200000000000004,-0.668,,,
321,-0.03716,-0.644,,,
322,-0.03712,-0.656,,,
323,-0.03708,-0.624,,,
324,-0.037040000000000003,-0.64,,,
325,-0.037000000000000005,-0.66,,,
326,-0.03696,-0.66,,,
327,-0.03692,-0.628,,,
328,-0.03688,-0.624,,,
329,-0.03684,-0.62,,,
330,-0.0368,-0.592,,,
331,-0.03676,-0.536,,,
332,-0.03672,-0.488,,,
333,-0.036680000000000004,-0.512,,,
334,-0.036640000000000006,-0.504,,,
335,-0.0366,-0.492,,,
336,-0.03656,-0.5,,,
337,-0.036520000000000004,-0.496,,,
338,-0.03648,-0.512,,,
339,-0.03644,-0.5,,,
340,-0.0364,-0.52,,,
341,-0.03636,-0.544,,,
342,-0.036320000000000005,-0.592,,,
343,-0.03628,-0.56,,,
344,-0.03624,-0.58,,,
345,-0.0362,-0.552,,,
346,-0.03616,-0.536,,,
347,-0.03612,-0.504,,,
348,-0.03608,-0.47600000000000003,,,
349,-0.03604,-0.46,,,
350,-0.036000000000000004,-0.444,,,
351,-0.035960000000000006,-0.452,,,
352,-0.03592,-0.44,,,
353,-0.03588,-0.46,,,
354,-0.035840000000000004,-0.47200000000000003,,,
355,-0.0358,-0.444,,,
356,-0.03576,-0.492,,,
357,-0.03572,-0.5760000000000001,,,
358,-0.03568,-0.6,,,
359,-0.035640000000000005,-0.632,,,
360,-0.0356,-0.608,,,
361,-0.03556,-0.6,,,
362,-0.03552,-0.604,,,
363,-0.03548,-0.628,,,
364,-0.03544,-0.62,,,
365,-0.0354,-0.624,,,
366,-0.03536,-0.608,,,
367,-0.035320000000000004,-0.5720000000000001,,,
368,-0.035280000000000006,-0.5680000000000001,,,
369,-0.03524,-0.536,,,
370,-0.0352,-0.5720000000000001,,,
371,-0.035160000000000004,-0.624,,,
372,-0.03512,-0.612,,,
373,-0.03508,-0.608,,,
374,-0.03504,-0.616,,,
375,-0.035,-0.5680000000000001,,,
376,-0.034960000000000005,-0.536,,,
377,-0.03492,-0.544,,,
378,-0.03488,-0.5680000000000001,,,
379,-0.03484,-0.612,,,
380,-0.0348,-0.676,,,
381,-0.03476,-0.656,,,
382,-0.03472,-0.656,,,
383,-0.03468,-0.616,,,
384,-0.034640000000000004,-0.64,,,
385,-0.034600000000000006,-0.624,,,
386,-0.03456,-0.588,,,
387,-0.03452,-0.624,,,
388,-0.034480000000000004,-0.612,,,
389,-0.03444,-0.592,,,
390,-0.0344,-0.628,,,
391,-0.03436,-0.612,,,
392,-0.03432,-0.596,,,
393,-0.034280000000000005,-0.5720000000000001,,,
394,-0.03424000000000001,-0.5680000000000001,,,
395,-0.0342,-0.552,,,
396,-0.03416,-0.532,,,
397,-0.03412,-0.508,,,
398,-0.03408,-0.56,,,
399,-0.03404,-0.5760000000000001,,,
400,-0.034,-0.552,,,
401,-0.033960000000000004,-0.552,,,
402,-0.033920000000000006,-0.532,,,
403,-0.03388,-0.512,,,
404,-0.03384,-0.5,,,
405,-0.0338,-0.5720000000000001,,,
406,-0.03376,-0.536,,,
407,-0.03372,-0.5640000000000001,,,
408,-0.03368,-0.512,,,
409,-0.03364,-0.504,,,
410,-0.033600000000000005,-0.508,,,
411,-0.033560000000000006,-0.5680000000000001,,,
412,-0.03352,-0.504,,,
413,-0.03348,-0.484,,,
414,-0.03344,-0.484,,,
415,-0.0334,-0.488,,,
416,-0.03336,-0.5,,,
417,-0.03332,-0.548,,,
418,-0.033280000000000004,-0.58,,,
419,-0.033240000000000006,-0.6,,,
420,-0.0332,-0.6,,,
421,-0.03316,-0.5640000000000001,,,
422,-0.03312,-0.56,,,
423,-0.03308,-0.5720000000000001,,,
424,-0.03304,-0.5640000000000001,,,
425,-0.033,-0.552,,,
426,-0.03296,-0.56,,,
427,-0.032920000000000005,-0.612,,,
428,-0.032880000000000006,-0.588,,,
429,-0.03284,-0.592,,,
430,-0.0328,-0.552,,,
431,-0.03276,-0.596,,,
432,-0.03272,-0.612,,,
433,-0.03268,-0.596,,,
434,-0.03264,-0.544,,,
435,-0.032600000000000004,-0.588,,,
436,-0.032560000000000006,-0.5720000000000001,,,
437,-0.03252,-0.552,,,
438,-0.03248,-0.548,,,
439,-0.03244,-0.548,,,
440,-0.0324,-0.592,,,
441,-0.03236,-0.5760000000000001,,,
442,-0.03232,-0.604,,,
443,-0.03228,-0.588,,,
444,-0.032240000000000005,-0.556,,,
445,-0.032200000000000006,-0.56,,,
446,-0.03216,-0.5760000000000001,,,
447,-0.03212,-0.608,,,
448,-0.03208,-0.588,,,
449,-0.03204,-0.5640000000000001,,,
450,-0.032,-0.6,,,
451,-0.03196,-0.5760000000000001,,,
452,-0.031920000000000004,-0.532,,,
453,-0.031880000000000006,-0.504,,,
454,-0.03184,-0.484,,,
455,-0.0318,-0.512,,,
456,-0.03176,-0.488,,,
457,-0.03172,-0.556,,,
458,-0.03168,-0.56,,,
459,-0.03164,-0.556,,,
460,-0.0316,-0.548,,,
461,-0.031560000000000005,-0.536,,,
462,-0.031520000000000006,-0.512,,,
463,-0.03148,-0.54,,,
464,-0.03144,-0.58,,,
465,-0.0314,-0.62,,,
466,-0.03136,-0.596,,,
467,-0.03132,-0.584,,,
468,-0.03128,-0.6,,,
469,-0.03124,-0.624,,,
470,-0.031200000000000002,-0.604,,,
471,-0.03116,-0.604,,,
472,-0.031120000000000002,-0.604,,,
473,-0.03108,-0.6,,,
474,-0.03104,-0.604,,,
475,-0.031,-0.604,,,
476,-0.03096,-0.612,,,
477,-0.03092,-0.6880000000000001,,,
478,-0.03088,-0.66,,,
479,-0.030840000000000003,-0.684,,,
480,-0.0308,-0.66,,,
481,-0.030760000000000003,-0.628,,,
482,-0.03072,-0.612,,,
483,-0.030680000000000002,-0.64,,,
484,-0.03064,-0.5640000000000001,,,
485,-0.030600000000000002,-0.584,,,
486,-0.03056,-0.592,,,
487,-0.030520000000000002,-0.596,,,
488,-0.03048,-0.596,,,
489,-0.030440000000000002,-0.604,,,
490,-0.0304,-0.588,,,
491,-0.03036,-0.616,,,
492,-0.03032,-0.588,,,
493,-0.03028,-0.6,,,
494,-0.03024,-0.624,,,
495,-0.0302,-0.64,,,
496,-0.030160000000000003,-0.664,,,
497,-0.03012,-0.636,,,
498,-0.030080000000000003,-0.616,,,
499,-0.03004,-0.596,,,
500,-0.030000000000000002,-0.608,,,
501,-0.02996,-0.592,,,
502,-0.029920000000000002,-0.588,,,
503,-0.02988,-0.56,,,
504,-0.029840000000000002,-0.5760000000000001,,,
505,-0.0298,-0.552,,,
506,-0.02976,-0.5,,,
507,-0.02972,-0.524,,,
508,-0.02968,-0.524,,,
509,-0.02964,-0.536,,,
510,-0.0296,-0.524,,,
511,-0.02956,-0.504,,,
512,-0.02952,-0.532,,,
513,-0.029480000000000003,-0.56,,,
514,-0.02944,-0.5720000000000001,,,
515,-0.029400000000000003,-0.536,,,
516,-0.02936,-0.552,,,
517,-0.029320000000000002,-0.5720000000000001,,,
518,-0.02928,-0.548,,,
519,-0.029240000000000002,-0.548,,,
520,-0.0292,-0.52,,,
521,-0.029160000000000002,-0.56,,,
522,-0.02912,-0.5720000000000001,,,
523,-0.02908,-0.584,,,
524,-0.02904,-0.5760000000000001,,,
525,-0.029,-0.5760000000000001,,,
526,-0.02896,-0.588,,,
527,-0.02892,-0.552,,,
528,-0.02888,-0.524,,,
529,-0.02884,-0.552,,,
530,-0.028800000000000003,-0.5640000000000001,,,
531,-0.02876,-0.56,,,
532,-0.028720000000000002,-0.548,,,
533,-0.02868,-0.524,,,
534,-0.028640000000000002,-0.532,,,
535,-0.0286,-0.552,,,
536,-0.028560000000000002,-0.584,,,
537,-0.02852,-0.54,,,
538,-0.028480000000000002,-0.528,,,
539,-0.02844,-0.544,,,
540,-0.0284,-0.544,,,
541,-0.02836,-0.492,,,
542,-0.02832,-0.5,,,
543,-0.02828,-0.48,,,
544,-0.02824,-0.5,,,
545,-0.0282,-0.47600000000000003,,,
546,-0.02816,-0.484,,,
547,-0.028120000000000003,-0.496,,,
548,-0.02808,-0.516,,,
549,-0.028040000000000002,-0.5640000000000001,,,
550,-0.028,-0.58,,,
551,-0.027960000000000002,-0.5760000000000001,,,
552,-0.02792,-0.624,,,
553,-0.027880000000000002,-0.584,,,
554,-0.02784,-0.58,,,
555,-0.027800000000000002,-0.524,,,
556,-0.02776,-0.544,,,
557,-0.02772,-0.516,,,
558,-0.02768,-0.504,,,
559,-0.02764,-0.516,,,
560,-0.0276,-0.484,,,
561,-0.02756,-0.47600000000000003,,,
562,-0.02752,-0.508,,,
563,-0.02748,-0.48,,,
564,-0.027440000000000003,-0.536,,,
565,-0.0274,-0.52,,,
566,-0.027360000000000002,-0.492,,,
567,-0.02732,-0.544,,,
568,-0.027280000000000002,-0.548,,,
569,-0.02724,-0.56,,,
570,-0.027200000000000002,-0.5680000000000001,,,
571,-0.02716,-0.5720000000000001,,,
572,-0.027120000000000002,-0.5760000000000001,,,
573,-0.02708,-0.552,,,
574,-0.02704,-0.54,,,
575,-0.027,-0.552,,,
576,-0.02696,-0.5640000000000001,,,
577,-0.02692,-0.5640000000000001,,,
578,-0.02688,-0.612,,,
579,-0.02684,-0.5640000000000001,,,
580,-0.0268,-0.544,,,
581,-0.026760000000000003,-0.508,,,
582,-0.02672,-0.56,,,
583,-0.026680000000000002,-0.592,,,
584,-0.02664,-0.5720000000000001,,,
585,-0.026600000000000002,-0.6,,,
586,-0.02656,-0.588,,,
587,-0.026520000000000002,-0.56,,,
588,-0.02648,-0.5720000000000001,,,
589,-0.02644,-0.552,,,
590,-0.0264,-0.64,,,
591,-0.02636,-0.676,,,
592,-0.02632,-0.668,,,
593,-0.02628,-0.6960000000000001,,,
594,-0.02624,-0.7000000000000001,,,
595,-0.0262,-0.624,,,
596,-0.02616,-0.604,,,
597,-0.02612,-0.548,,,
598,-0.026080000000000002,-0.5640000000000001,,,
599,-0.02604,-0.532,,,
600,-0.026000000000000002,-0.56,,,
601,-0.02596,-0.584,,,
602,-0.025920000000000002,-0.6,,,
603,-0.02588,-0.588,,,
604,-0.025840000000000002,-0.5760000000000001,,,
605,-0.0258,-0.584,,,
606,-0.02576,-0.54,,,
607,-0.02572,-0.556,,,
608,-0.02568,-0.556,,,
609,-0.02564,-0.58,,,
610,-0.0256,-0.56,,,
611,-0.02556,-0.5720000000000001,,,
612,-0.02552,-0.5680000000000001,,,
613,-0.02548,-0.516,,,
614,-0.02544,-0.5640000000000001,,,
615,-0.025400000000000002,-0.536,,,
616,-0.02536,-0.56,,,
617,-0.025320000000000002,-0.5680000000000001,,,
618,-0.02528,-0.5640000000000001,,,
619,-0.025240000000000002,-0.584,,,
620,-0.0252,-0.5640000000000001,,,
621,-0.025160000000000002,-0.548,,,
622,-0.02512,-0.544,,,
623,-0.02508,-0.56,,,
624,-0.02504,-0.604,,,
625,-0.025,-0.64,,,
626,-0.02496,-0.652,,,
627,-0.02492,-0.612,,,
628,-0.02488,-0.644,,,
629,-0.02484,-0.644,,,
630,-0.0248,-0.64,,,
631,-0.02476,-0.596,,,
632,-0.024720000000000002,-0.5720000000000001,,,
633,-0.02468,-0.56,,,
634,-0.024640000000000002,-0.612,,,
635,-0.0246,-0.616,,,
636,-0.024560000000000002,-0.66,,,
637,-0.02452,-0.664,,,
638,-0.024480000000000002,-0.616,,,
639,-0.02444,-0.596,,,
640,-0.0244,-0.556,,,
641,-0.02436,-0.58,,,
642,-0.02432,-0.6,,,
643,-0.02428,-0.708,,,
644,-0.02424,-0.708,,,
645,-0.0242,-0.7000000000000001,,,
646,-0.02416,-0.648,,,
647,-0.02412,-0.632,,,
648,-0.02408,-0.612,,,
649,-0.024040000000000002,-0.612,,,
650,-0.024,-0.5680000000000001,,,
651,-0.023960000000000002,-0.556,,,
652,-0.02392,-0.536,,,
653,-0.023880000000000002,-0.548,,,
654,-0.02384,-0.504,,,
655,-0.0238,-0.536,,,
656,-0.02376,-0.524,,,
657,-0.02372,-0.592,,,
658,-0.02368,-0.62,,,
659,-0.02364,-0.56,,,
660,-0.0236,-0.632,,,
661,-0.02356,-0.64,,,
662,-0.02352,-0.624,,,
663,-0.02348,-0.604,,,
664,-0.02344,-0.616,,,
665,-0.0234,-0.684,,,
666,-0.023360000000000002,-0.66,,,
667,-0.02332,-0.636,,,
668,-0.023280000000000002,-0.58,,,
669,-0.02324,-0.544,,,
670,-0.023200000000000002,-0.544,,,
671,-0.02316,-0.58,,,
672,-0.02312,-0.548,,,
673,-0.02308,-0.552,,,
674,-0.02304,-0.56,,,
675,-0.023,-0.524,,,
676,-0.02296,-0.548,,,
677,-0.02292,-0.56,,,
678,-0.02288,-0.54,,,
679,-0.02284,-0.528,,,
680,-0.0228,-0.524,,,
681,-0.02276,-0.536,,,
682,-0.02272,-0.532,,,
683,-0.022680000000000002,-0.54,,,
684,-0.02264,-0.524,,,
685,-0.022600000000000002,-0.56,,,
686,-0.02256,-0.54,,,
687,-0.022520000000000002,-0.54,,,
688,-0.02248,-0.52,,,
689,-0.02244,-0.512,,,
690,-0.0224,-0.488,,,
691,-0.02236,-0.504,,,
692,-0.02232,-0.516,,,
693,-0.02228,-0.544,,,
694,-0.02224,-0.532,,,
695,-0.0222,-0.528,,,
696,-0.02216,-0.508,,,
697,-0.02212,-0.484,,,
698,-0.02208,-0.544,,,
699,-0.02204,-0.584,,,
700,-0.022000000000000002,-0.62,,,
701,-0.02196,-0.596,,,
702,-0.021920000000000002,-0.588,,,
703,-0.02188,-0.588,,,
704,-0.021840000000000002,-0.588,,,
705,-0.0218,-0.584,,,
706,-0.02176,-0.58,,,
707,-0.02172,-0.556,,,
708,-0.02168,-0.56,,,
709,-0.02164,-0.54,,,
710,-0.0216,-0.536,,,
711,-0.02156,-0.528,,,
712,-0.02152,-0.528,,,
713,-0.02148,-0.544,,,
714,-0.02144,-0.612,,,
715,-0.0214,-0.624,,,
716,-0.02136,-0.604,,,
717,-0.021320000000000002,-0.624,,,
718,-0.02128,-0.556,,,
719,-0.021240000000000002,-0.548,,,
720,-0.0212,-0.54,,,
721,-0.02116,-0.508,,,
722,-0.02112,-0.516,,,
723,-0.02108,-0.512,,,
724,-0.02104,-0.508,,,
725,-0.021,-0.544,,,
726,-0.02096,-0.512,,,
727,-0.02092,-0.52,,,
728,-0.02088,-0.508,,,
729,-0.02084,-0.496,,,
730,-0.0208,-0.52,,,
731,-0.02076,-0.552,,,
732,-0.02072,-0.544,,,
733,-0.02068,-0.584,,,
734,-0.020640000000000002,-0.548,,,
735,-0.0206,-0.588,,,
736,-0.020560000000000002,-0.556,,,
737,-0.02052,-0.548,,,
738,-0.02048,-0.588,,,
739,-0.02044,-0.624,,,
740,-0.0204,-0.604,,,
741,-0.02036,-0.588,,,
742,-0.02032,-0.608,,,
743,-0.02028,-0.56,,,
744,-0.02024,-0.524,,,
745,-0.0202,-0.5720000000000001,,,
746,-0.02016,-0.536,,,
747,-0.02012,-0.584,,,
748,-0.02008,-0.5680000000000001,,,
749,-0.02004,-0.592,,,
750,-0.02,-0.56,,,
751,-0.019960000000000002,-0.552,,,
752,-0.01992,-0.5680000000000001,,,
753,-0.019880000000000002,-0.62,,,
754,-0.01984,-0.62,,,
755,-0.0198,-0.608,,,
756,-0.01976,-0.644,,,
757,-0.01972,-0.62,,,
758,-0.01968,-0.612,,,
759,-0.01964,-0.592,,,
760,-0.0196,-0.5680000000000001,,,
761,-0.01956,-0.5720000000000001,,,
762,-0.01952,-0.516,,,
763,-0.01948,-0.548,,,
764,-0.01944,-0.508,,,
765,-0.0194,-0.552,,,
766,-0.01936,-0.556,,,
767,-0.01932,-0.5680000000000001,,,
768,-0.01928,-0.54,,,
769,-0.01924,-0.54,,,
770,-0.019200000000000002,-0.536,,,
771,-0.01916,-0.528,,,
772,-0.01912,-0.524,,,
773,-0.01908,-0.544,,,
774,-0.01904,-0.548,,,
775,-0.019,-0.58,,,
776,-0.01896,-0.548,,,
777,-0.01892,-0.556,,,
778,-0.01888,-0.5,,,
779,-0.01884,-0.5,,,
780,-0.0188,-0.52,,,
781,-0.01876,-0.52,,,
782,-0.01872,-0.548,,,
783,-0.018680000000000002,-0.532,,,
784,-0.018639999999999997,-0.532,,,
785,-0.0186,-0.536,,,
786,-0.01856,-0.6,,,
787,-0.018520000000000002,-0.64,,,
788,-0.018480000000000003,-0.624,,,
789,-0.018439999999999998,-0.62,,,
790,-0.0184,-0.608,,,
791,-0.01836,-0.6,,,
792,-0.018320000000000003,-0.584,,,
793,-0.018279999999999998,-0.552,,,
794,-0.01824,-0.548,,,
795,-0.0182,-0.5680000000000001,,,
796,-0.018160000000000003,-0.556,,,
797,-0.018119999999999997,-0.624,,,
798,-0.01808,-0.608,,,
799,-0.01804,-0.58,,,
800,-0.018000000000000002,-0.5640000000000001,,,
801,-0.017959999999999997,-0.54,,,
802,-0.01792,-0.484,,,
803,-0.01788,-0.496,,,
804,-0.01784,-0.456,,,
805,-0.017800000000000003,-0.492,,,
806,-0.017759999999999998,-0.52,,,
807,-0.01772,-0.54,,,
808,-0.01768,-0.52,,,
809,-0.017640000000000003,-0.508,,,
810,-0.017599999999999998,-0.508,,,
811,-0.01756,-0.5,,,
812,-0.01752,-0.54,,,
813,-0.017480000000000002,-0.544,,,
814,-0.017439999999999997,-0.532,,,
815,-0.0174,-0.536,,,
816,-0.01736,-0.552,,,
817,-0.017320000000000002,-0.544,,,
818,-0.017279999999999997,-0.524,,,
819,-0.01724,-0.516,,,
820,-0.0172,-0.532,,,
821,-0.01716,-0.512,,,
822,-0.017120000000000003,-0.528,,,
823,-0.017079999999999998,-0.5,,,
824,-0.01704,-0.488,,,
825,-0.017,-0.508,,,
826,-0.016960000000000003,-0.484,,,
827,-0.016919999999999998,-0.504,,,
828,-0.01688,-0.48,,,
829,-0.01684,-0.448,,,
830,-0.016800000000000002,-0.432,,,
831,-0.016759999999999997,-0.41200000000000003,,,
832,-0.01672,-0.42,,,
833,-0.01668,-0.40800000000000003,,,
834,-0.016640000000000002,-0.452,,,
835,-0.016599999999999997,-0.47200000000000003,,,
836,-0.01656,-0.524,,,
837,-0.01652,-0.548,,,
838,-0.01648,-0.624,,,
839,-0.016440000000000003,-0.624,,,
840,-0.016399999999999998,-0.676,,,
841,-0.01636,-0.648,,,
842,-0.01632,-0.604,,,
843,-0.016280000000000003,-0.584,,,
844,-0.016239999999999997,-0.54,,,
845,-0.0162,-0.544,,,
846,-0.01616,-0.544,,,
847,-0.016120000000000002,-0.504,,,
848,-0.016079999999999997,-0.516,,,
849,-0.01604,-0.536,,,
850,-0.016,-0.5680000000000001,,,
851,-0.015960000000000002,-0.596,,,
852,-0.015919999999999997,-0.56,,,
853,-0.01588,-0.5760000000000001,,,
854,-0.01584,-0.544,,,
855,-0.0158,-0.556,,,
856,-0.015760000000000003,-0.592,,,
857,-0.015719999999999998,-0.58,,,
858,-0.01568,-0.588,,,
859,-0.01564,-0.612,,,
860,-0.015600000000000003,-0.588,,,
861,-0.015559999999999997,-0.62,,,
862,-0.015519999999999999,-0.5720000000000001,,,
863,-0.01548,-0.552,,,
864,-0.015440000000000002,-0.5720000000000001,,,
865,-0.015399999999999997,-0.58,,,
866,-0.015359999999999999,-0.6,,,
867,-0.01532,-0.5760000000000001,,,
868,-0.015280000000000002,-0.556,,,
869,-0.015239999999999997,-0.512,,,
870,-0.015199999999999998,-0.52,,,
871,-0.01516,-0.516,,,
872,-0.015120000000000001,-0.516,,,
873,-0.015080000000000003,-0.508,,,
874,-0.015039999999999998,-0.512,,,
875,-0.015,-0.52,,,
876,-0.014960000000000001,-0.548,,,
877,-0.014920000000000003,-0.548,,,
878,-0.014879999999999997,-0.58,,,
879,-0.014839999999999999,-0.584,,,
880,-0.0148,-0.596,,,
881,-0.014760000000000002,-0.58,,,
882,-0.014719999999999997,-0.524,,,
883,-0.014679999999999999,-0.512,,,
884,-0.01464,-0.516,,,
885,-0.014600000000000002,-0.608,,,
886,-0.014559999999999997,-0.588,,,
887,-0.014519999999999998,-0.58,,,
888,-0.01448,-0.5720000000000001,,,
889,-0.014440000000000001,-0.588,,,
890,-0.014400000000000003,-0.608,,,
891,-0.014359999999999998,-0.612,,,
892,-0.01432,-0.608,,,
893,-0.014280000000000001,-0.5760000000000001,,,
894,-0.014240000000000003,-0.552,,,
895,-0.014199999999999997,-0.52,,,
896,-0.014159999999999999,-0.6,,,
897,-0.01412,-0.552,,,
898,-0.014080000000000002,-0.5640000000000001,,,
899,-0.014039999999999997,-0.612,,,
900,-0.013999999999999999,-0.552,,,
901,-0.01396,-0.604,,,
902,-0.013920000000000002,-0.6,,,
903,-0.013879999999999997,-0.588,,,
904,-0.013839999999999998,-0.616,,,
905,-0.0138,-0.596,,,
906,-0.013760000000000001,-0.552,,,
907,-0.013720000000000003,-0.508,,,
908,-0.013679999999999998,-0.524,,,
909,-0.01364,-0.532,,,
910,-0.013600000000000001,-0.528,,,
911,-0.013560000000000003,-0.548,,,
912,-0.013519999999999997,-0.592,,,
913,-0.013479999999999999,-0.648,,,
914,-0.01344,-0.684,,,
915,-0.013400000000000002,-0.656,,,
916,-0.013359999999999997,-0.616,,,
917,-0.013319999999999999,-0.624,,,
918,-0.01328,-0.608,,,
919,-0.013240000000000002,-0.5640000000000001,,,
920,-0.013199999999999996,-0.604,,,
921,-0.013159999999999998,-0.588,,,
922,-0.01312,-0.588,,,
923,-0.013080000000000001,-0.612,,,
924,-0.013040000000000003,-0.628,,,
925,-0.012999999999999998,-0.604,,,
926,-0.01296,-0.6,,,
927,-0.012920000000000001,-0.5720000000000001,,,
928,-0.012880000000000003,-0.628,,,
929,-0.012839999999999997,-0.656,,,
930,-0.012799999999999999,-0.604,,,
931,-0.01276,-0.624,,,
932,-0.012720000000000002,-0.66,,,
933,-0.012679999999999997,-0.632,,,
934,-0.012639999999999998,-0.62,,,
935,-0.0126,-0.672,,,
936,-0.012560000000000002,-0.672,,,
937,-0.012519999999999996,-0.668,,,
938,-0.012479999999999998,-0.644,,,
939,-0.01244,-0.628,,,
940,-0.012400000000000001,-0.6920000000000001,,,
941,-0.012360000000000003,-0.676,,,
942,-0.012319999999999998,-0.66,,,
943,-0.01228,-0.724,,,
944,-0.012240000000000001,-0.6960000000000001,,,
945,-0.012200000000000003,-0.684,,,
946,-0.012159999999999997,-0.604,,,
947,-0.012119999999999999,-0.608,,,
948,-0.01208,-0.556,,,
949,-0.012040000000000002,-0.5760000000000001,,,
950,-0.011999999999999997,-0.552,,,
951,-0.011959999999999998,-0.552,,,
952,-0.01192,-0.58,,,
953,-0.011880000000000002,-0.536,,,
954,-0.011839999999999996,-0.516,,,
955,-0.011799999999999998,-0.524,,,
956,-0.01176,-0.504,,,
957,-0.011720000000000001,-0.536,,,
958,-0.011680000000000003,-0.532,,,
959,-0.011639999999999998,-0.52,,,
960,-0.0116,-0.552,,,
961,-0.01156,-0.552,,,
962,-0.011520000000000002,-0.584,,,
963,-0.011479999999999997,-0.592,,,
964,-0.011439999999999999,-0.5680000000000001,,,
965,-0.0114,-0.544,,,
966,-0.011360000000000002,-0.5640000000000001,,,
967,-0.011319999999999997,-0.528,,,
968,-0.011279999999999998,-0.512,,,
969,-0.01124,-0.516,,,
970,-0.011200000000000002,-0.52,,,
971,-0.011159999999999996,-0.516,,,
972,-0.011119999999999998,-0.512,,,
973,-0.01108,-0.52,,,
974,-0.011040000000000001,-0.512,,,
975,-0.011000000000000003,-0.464,,,
976,-0.010959999999999998,-0.456,,,
977,-0.01092,-0.47200000000000003,,,
978,-0.01088,-0.47200000000000003,,,
979,-0.010840000000000002,-0.496,,,
980,-0.010799999999999997,-0.5,,,
981,-0.010759999999999999,-0.512,,,
982,-0.01072,-0.548,,,
983,-0.010680000000000002,-0.5720000000000001,,,
984,-0.010639999999999997,-0.584,,,
985,-0.010599999999999998,-0.608,,,
986,-0.01056,-0.596,,,
987,-0.010520000000000002,-0.608,,,
988,-0.010479999999999996,-0.5760000000000001,,,
989,-0.010439999999999998,-0.588,,,
990,-0.0104,-0.548,,,
991,-0.010360000000000001,-0.56,,,
992,-0.010320000000000003,-0.512,,,
993,-0.010279999999999997,-0.544,,,
994,-0.010239999999999999,-0.56,,,
995,-0.0102,-0.56,,,
996,-0.010160000000000002,-0.54,,,
997,-0.010119999999999997,-0.548,,,
998,-0.010079999999999999,-0.544,,,
999,-0.01004,-0.5720000000000001,,,
1000,-0.010000000000000002,-0.5640000000000001,,,
1001,-0.009959999999999997,-0.5680000000000001,,,
1002,-0.009919999999999998,-0.536,,,
1003,-0.00988,-0.492,,,
1004,-0.009840000000000002,-0.48,,,
1005,-0.009799999999999996,-0.468,,,
1006,-0.009759999999999998,-0.47600000000000003,,,
1007,-0.00972,-0.524,,,
1008,-0.009680000000000001,-0.5,,,
1009,-0.009640000000000003,-0.524,,,
1010,-0.009599999999999997,-0.512,,,
1011,-0.009559999999999999,-0.58,,,
1012,-0.00952,-0.58,,,
1013,-0.009480000000000002,-0.548,,,
1014,-0.009439999999999997,-0.548,,,
1015,-0.009399999999999999,-0.612,,,
1016,-0.00936,-0.628,,,
1017,-0.009320000000000002,-0.62,,,
1018,-0.009279999999999997,-0.628,,,
1019,-0.009239999999999998,-0.6,,,
1020,-0.0092,-0.58,,,
1021,-0.009160000000000001,-0.584,,,
1022,-0.009119999999999996,-0.596,,,
1023,-0.009079999999999998,-0.528,,,
1024,-0.00904,-0.56,,,
1025,-0.009000000000000001,-0.548,,,
1026,-0.008960000000000003,-0.524,,,
1027,-0.008919999999999997,-0.544,,,
1028,-0.008879999999999999,-0.552,,,
1029,-0.00884,-0.612,,,
1030,-0.008800000000000002,-0.62,,,
1031,-0.008759999999999997,-0.624,,,
1032,-0.008719999999999999,-0.56,,,
1033,-0.00868,-0.512,,,
1034,-0.008640000000000002,-0.504,,,
1035,-0.008599999999999997,-0.524,,,
1036,-0.008559999999999998,-0.54,,,
1037,-0.00852,-0.62,,,
1038,-0.008480000000000001,-0.636,,,
1039,-0.008439999999999996,-0.5680000000000001,,,
1040,-0.008399999999999998,-0.58,,,
1041,-0.00836,-0.552,,,
1042,-0.008320000000000001,-0.56,,,
1043,-0.008280000000000003,-0.54,,,
1044,-0.008239999999999997,-0.548,,,
1045,-0.008199999999999999,-0.492,,,
1046,-0.00816,-0.484,,,
1047,-0.008120000000000002,-0.524,,,
1048,-0.008079999999999997,-0.552,,,
1049,-0.008039999999999999,-0.512,,,
1050,-0.008,-0.516,,,
1051,-0.007960000000000002,-0.552,,,
1052,-0.007919999999999996,-0.524,,,
1053,-0.007879999999999998,-0.552,,,
1054,-0.00784,-0.588,,,
1055,-0.007800000000000001,-0.556,,,
1056,-0.007759999999999996,-0.5680000000000001,,,
1057,-0.007719999999999998,-0.536,,,
1058,-0.007679999999999999,-0.56,,,
1059,-0.007640000000000001,-0.5640000000000001,,,
1060,-0.007600000000000003,-0.56,,,
1061,-0.007559999999999997,-0.612,,,
1062,-0.007519999999999999,-0.5720000000000001,,,
1063,-0.0074800000000000005,-0.524,,,
1064,-0.007440000000000002,-0.5760000000000001,,,
1065,-0.007399999999999997,-0.584,,,
1066,-0.0073599999999999985,-0.556,,,
1067,-0.00732,-0.544,,,
1068,-0.007280000000000002,-0.56,,,
1069,-0.0072399999999999964,-0.528,,,
1070,-0.007199999999999998,-0.512,,,
1071,-0.00716,-0.484,,,
1072,-0.007120000000000001,-0.528,,,
1073,-0.007079999999999996,-0.484,,,
1074,-0.007039999999999998,-0.52,,,
1075,-0.006999999999999999,-0.47600000000000003,,,
1076,-0.006960000000000001,-0.496,,,
1077,-0.0069200000000000025,-0.524,,,
1078,-0.006879999999999997,-0.544,,,
1079,-0.006839999999999999,-0.552,,,
1080,-0.0068000000000000005,-0.552,,,
1081,-0.006760000000000002,-0.656,,,
1082,-0.006719999999999997,-0.616,,,
1083,-0.0066799999999999984,-0.648,,,
1084,-0.00664,-0.624,,,
1085,-0.006600000000000002,-0.668,,,
1086,-0.006559999999999996,-0.644,,,
1087,-0.006519999999999998,-0.62,,,
1088,-0.00648,-0.584,,,
1089,-0.006440000000000001,-0.5640000000000001,,,
1090,-0.006399999999999996,-0.524,,,
1091,-0.006359999999999998,-0.5640000000000001,,,
1092,-0.006319999999999999,-0.556,,,
1093,-0.006280000000000001,-0.544,,,
1094,-0.0062400000000000025,-0.5680000000000001,,,
1095,-0.006199999999999997,-0.596,,,
1096,-0.006159999999999999,-0.604,,,
1097,-0.0061200000000000004,-0.588,,,
1098,-0.006080000000000002,-0.5760000000000001,,,
1099,-0.006039999999999997,-0.58,,,
1100,-0.005999999999999998,-0.604,,,
1101,-0.00596,-0.584,,,
1102,-0.005920000000000002,-0.548,,,
1103,-0.005879999999999996,-0.52,,,
1104,-0.005839999999999998,-0.504,,,
1105,-0.0058,-0.512,,,
1106,-0.005760000000000001,-0.504,,,
1107,-0.005719999999999996,-0.528,,,
1108,-0.0056799999999999976,-0.512,,,
1109,-0.005639999999999999,-0.47600000000000003,,,
1110,-0.005600000000000001,-0.492,,,
1111,-0.0055600000000000024,-0.452,,,
1112,-0.005519999999999997,-0.444,,,
1113,-0.005479999999999999,-0.5,,,
1114,-0.00544,-0.52,,,
1115,-0.005400000000000002,-0.508,,,
1116,-0.005359999999999997,-0.492,,,
1117,-0.005319999999999998,-0.46,,,
1118,-0.00528,-0.428,,,
1119,-0.005240000000000002,-0.448,,,
1120,-0.005199999999999996,-0.48,,,
1121,-0.005159999999999998,-0.47600000000000003,,,
1122,-0.0051199999999999996,-0.488,,,
1123,-0.005080000000000001,-0.504,,,
1124,-0.005039999999999996,-0.5,,,
1125,-0.0049999999999999975,-0.48,,,
1126,-0.004959999999999999,-0.46,,,
1127,-0.004920000000000001,-0.484,,,
1128,-0.004880000000000002,-0.544,,,
1129,-0.004839999999999997,-0.548,,,
1130,-0.004799999999999999,-0.608,,,
1131,-0.00476,-0.588,,,
1132,-0.004720000000000002,-0.536,,,
1133,-0.004679999999999997,-0.504,,,
1134,-0.004639999999999998,-0.516,,,
1135,-0.0046,-0.496,,,
1136,-0.0045600000000000016,-0.524,,,
1137,-0.004519999999999996,-0.56,,,
1138,-0.004479999999999998,-0.58,,,
1139,-0.0044399999999999995,-0.5760000000000001,,,
1140,-0.004400000000000001,-0.604,,,
1141,-0.004359999999999996,-0.604,,,
1142,-0.0043199999999999975,-0.612,,,
1143,-0.004279999999999999,-0.672,,,
1144,-0.004240000000000001,-0.616,,,
1145,-0.004200000000000002,-0.608,,,
1146,-0.004159999999999997,-0.644,,,
1147,-0.004119999999999999,-0.616,,,
1148,-0.00408,-0.62,,,
1149,-0.004040000000000002,-0.6,,,
1150,-0.003999999999999997,-0.5640000000000001,,,
1151,-0.003959999999999998,-0.532,,,
1152,-0.00392,-0.524,,,
1153,-0.0038800000000000015,-0.5680000000000001,,,
1154,-0.003839999999999996,-0.588,,,
1155,-0.003799999999999998,-0.596,,,
1156,-0.0037599999999999995,-0.612,,,
1157,-0.003720000000000001,-0.548,,,
1158,-0.0036799999999999958,-0.56,,,
1159,-0.0036399999999999974,-0.556,,,
1160,-0.003599999999999999,-0.56,,,
1161,-0.0035600000000000007,-0.548,,,
1162,-0.0035200000000000023,-0.56,,,
1163,-0.003479999999999997,-0.496,,,
1164,-0.0034399999999999986,-0.516,,,
1165,-0.0034000000000000002,-0.588,,,
1166,-0.003360000000000002,-0.56,,,
1167,-0.0033199999999999966,-0.56,,,
1168,-0.003279999999999998,-0.524,,,
1169,-0.00324,-0.5680000000000001,,,
1170,-0.0032000000000000015,-0.516,,,
1171,-0.003159999999999996,-0.556,,,
1172,-0.0031199999999999978,-0.532,,,
1173,-0.0030799999999999994,-0.484,,,
1174,-0.003040000000000001,-0.48,,,
1175,-0.0029999999999999957,-0.504,,,
1176,-0.0029599999999999974,-0.556,,,
1177,-0.002919999999999999,-0.5720000000000001,,,
1178,-0.0028800000000000006,-0.556,,,
1179,-0.0028400000000000022,-0.5680000000000001,,,
1180,-0.002799999999999997,-0.588,,,
1181,-0.0027599999999999986,-0.5760000000000001,,,
1182,-0.00272,-0.596,,,
1183,-0.002680000000000002,-0.596,,,
1184,-0.0026399999999999965,-0.58,,,
1185,-0.002599999999999998,-0.588,,,
1186,-0.0025599999999999998,-0.5720000000000001,,,
1187,-0.0025200000000000014,-0.556,,,
1188,-0.002479999999999996,-0.532,,,
1189,-0.0024399999999999977,-0.54,,,
1190,-0.0023999999999999994,-0.5720000000000001,,,
1191,-0.002360000000000001,-0.5720000000000001,,,
1192,-0.0023199999999999957,-0.5680000000000001,,,
1193,-0.0022799999999999973,-0.592,,,
1194,-0.002239999999999999,-0.592,,,
1195,-0.0022000000000000006,-0.552,,,
1196,-0.002160000000000002,-0.524,,,
1197,-0.002119999999999997,-0.52,,,
1198,-0.0020799999999999985,-0.468,,,
1199,-0.00204,-0.52,,,
1200,-0.0020000000000000018,-0.5,,,
1201,-0.0019599999999999965,-0.452,,,
1202,-0.001919999999999998,-0.456,,,
1203,-0.0018799999999999997,-0.54,,,
1204,-0.0018400000000000014,-0.5,,,
1205,-0.001799999999999996,-0.512,,,
1206,-0.0017599999999999977,-0.516,,,
1207,-0.0017199999999999993,-0.54,,,
1208,-0.001680000000000001,-0.54,,,
1209,-0.0016399999999999956,-0.512,,,
1210,-0.0015999999999999973,-0.5640000000000001,,,
1211,-0.0015599999999999989,-0.536,,,
1212,-0.0015200000000000005,-0.516,,,
1213,-0.0014800000000000021,-0.516,,,
1214,-0.0014399999999999968,-0.548,,,
1215,-0.0013999999999999985,-0.5720000000000001,,,
1216,-0.00136,-0.5760000000000001,,,
1217,-0.0013200000000000017,-0.5680000000000001,,,
1218,-0.0012799999999999964,-0.588,,,
1219,-0.001239999999999998,-0.528,,,
1220,-0.0011999999999999997,-0.532,,,
1221,-0.0011600000000000013,-0.536,,,
1222,-0.001119999999999996,-0.524,,,
1223,-0.0010799999999999976,-0.504,,,
1224,-0.0010399999999999993,-0.604,,,
1225,-0.0010000000000000009,-0.616,,,
1226,-0.0009599999999999956,-0.628,,,
1227,-0.0009199999999999972,-0.592,,,
1228,-0.0008799999999999988,-0.588,,,
1229,-0.0008400000000000005,-0.588,,,
1230,-0.0008000000000000021,-0.56,,,
1231,-0.0007599999999999968,-0.512,,,
1232,-0.0007199999999999984,-0.528,,,
1233,-0.00068,-0.5,,,
1234,-0.0006400000000000017,-0.508,,,
1235,-0.0005999999999999964,-0.56,,,
1236,-0.000559999999999998,-0.584,,,
1237,-0.0005199999999999996,-0.596,,,
1238,-0.00048000000000000126,-0.584,,,
1239,-0.00043999999999999595,-0.5760000000000001,,,
1240,-0.0003999999999999976,-0.5720000000000001,,,
1241,-0.0003599999999999992,-0.604,,,
1242,-0.00032000000000000084,-0.6,,,
1243,-0.00027999999999999553,-0.5760000000000001,,,
1244,-0.00023999999999999716,-0.632,,,
1245,-0.0001999999999999988,-0.608,,,
1246,-0.00016000000000000042,-0.608,,,
1247,-0.00012000000000000205,-0.672,,,
1248,-7.999999999999674e-05,-0.648,,,
1249,-3.999999999999837e-05,-0.612,,,
1250,0.0,-0.552,,,
1251,3.999999999999837e-05,-0.52,,,
1252,8.000000000000368e-05,-0.516,,,
1253,0.00012000000000000205,-0.512,,,
1254,0.00016000000000000042,-0.524,,,
1255,0.0001999999999999988,-0.484,,,
1256,0.0002400000000000041,-0.5680000000000001,,,
1257,0.00028000000000000247,-0.56,,,
1258,0.00032000000000000084,-0.548,,,
1259,0.0003599999999999992,-0.532,,,
1260,0.0004000000000000045,-0.488,,,
1261,0.0004400000000000029,-0.536,,,
1262,0.00048000000000000126,-0.548,,,
1263,0.0005199999999999996,-0.6,,,
1264,0.000559999999999998,-0.596,,,
1265,0.0006000000000000033,-0.62,,,
1266,0.0006400000000000017,-0.62,,,
1267,0.00068,-0.596,,,
1268,0.0007199999999999984,-0.592,,,
1269,0.0007600000000000037,-0.624,,,
1270,0.0008000000000000021,-0.592,,,
1271,0.0008400000000000005,-0.588,,,
1272,0.0008799999999999988,-0.58,,,
1273,0.0009200000000000041,-0.548,,,
1274,0.0009600000000000025,-0.548,,,
1275,0.0010000000000000009,-0.62,,,
1276,0.0010399999999999993,-0.644,,,
1277,0.0010800000000000046,-0.628,,,
1278,0.001120000000000003,-0.592,,,
1279,0.0011600000000000013,-0.5680000000000001,,,
1280,0.0011999999999999997,-0.5680000000000001,,,
1281,0.001239999999999998,-0.62,,,
1282,0.0012800000000000034,-0.62,,,
1283,0.0013200000000000017,-0.636,,,
1284,0.00136,-0.636,,,
1285,0.0013999999999999985,-0.592,,,
1286,0.0014400000000000038,-0.536,,,
1287,0.0014800000000000021,-0.548,,,
1288,0.0015200000000000005,-0.592,,,
1289,0.0015599999999999989,-0.636,,,
1290,0.0016000000000000042,-0.64,,,
1291,0.0016400000000000026,-0.652,,,
1292,0.001680000000000001,-0.604,,,
1293,0.0017199999999999993,-0.584,,,
1294,0.0017600000000000046,-0.5640000000000001,,,
1295,0.001800000000000003,-0.54,,,
1296,0.0018400000000000014,-0.5760000000000001,,,
1297,0.0018799999999999997,-0.584,,,
1298,0.001919999999999998,-0.544,,,
1299,0.0019600000000000034,-0.556,,,
1300,0.0020000000000000018,-0.62,,,
1301,0.00204,-0.624,,,
1302,0.0020799999999999985,-0.628,,,
1303,0.002120000000000004,-0.608,,,
1304,0.002160000000000002,-0.552,,,
1305,0.0022000000000000006,-0.552,,,
1306,0.002239999999999999,-0.512,,,
1307,0.0022800000000000042,-0.488,,,
1308,0.0023200000000000026,-0.484,,,
1309,0.002360000000000001,-0.556,,,
1310,0.0023999999999999994,-0.524,,,
1311,0.0024400000000000047,-0.48,,,
1312,0.002480000000000003,-0.496,,,
1313,0.0025200000000000014,-0.484,,,
1314,0.0025599999999999998,-0.496,,,
1315,0.002599999999999998,-0.516,,,
1316,0.0026400000000000035,-0.468,,,
1317,0.002680000000000002,-0.468,,,
1318,0.00272,-0.47600000000000003,,,
1319,0.0027599999999999986,-0.456,,,
1320,0.002800000000000004,-0.452,,,
1321,0.0028400000000000022,-0.444,,,
1322,0.0028800000000000006,-0.48,,,
1323,0.002919999999999999,-0.464,,,
1324,0.0029600000000000043,-0.484,,,
1325,0.0030000000000000027,-0.484,,,
1326,0.003040000000000001,-0.512,,,
1327,0.0030799999999999994,-0.524,,,
1328,0.0031200000000000047,-0.532,,,
1329,0.003160000000000003,-0.552,,,
1330,0.0032000000000000015,-0.524,,,
1331,0.00324,-0.47600000000000003,,,
1332,0.003279999999999998,-0.488,,,
1333,0.0033200000000000035,-0.468,,,
1334,0.003360000000000002,-0.512,,,
1335,0.0034000000000000002,-0.512,,,
1336,0.0034399999999999986,-0.544,,,
1337,0.003480000000000004,-0.52,,,
1338,0.0035200000000000023,-0.48,,,
1339,0.0035600000000000007,-0.468,,,
1340,0.003599999999999999,-0.468,,,
1341,0.0036400000000000043,-0.456,,,
1342,0.0036800000000000027,-0.428,,,
1343,0.003720000000000001,-0.452,,,
1344,0.0037599999999999995,-0.464,,,
1345,0.0038000000000000048,-0.504,,,
1346,0.003840000000000003,-0.52,,,
1347,0.0038800000000000015,-0.508,,,
1348,0.00392,-0.536,,,
1349,0.003959999999999998,-0.52,,,
1350,0.0040000000000000036,-0.48,,,
1351,0.004040000000000002,-0.504,,,
1352,0.00408,-0.468,,,
1353,0.004119999999999999,-0.456,,,
1354,0.004160000000000004,-0.52,,,
1355,0.004200000000000002,-0.58,,,
1356,0.004240000000000001,-0.6,,,
1357,0.004279999999999999,-0.596,,,
1358,0.004320000000000004,-0.628,,,
1359,0.004360000000000003,-0.644,,,
1360,0.004400000000000001,-0.616,,,
1361,0.0044399999999999995,-0.672,,,
1362,0.004480000000000005,-0.64,,,
1363,0.004520000000000003,-0.612,,,
1364,0.0045600000000000016,-0.592,,,
1365,0.0046,-0.64,,,
1366,0.004639999999999998,-0.652,,,
1367,0.004680000000000004,-0.64,,,
1368,0.004720000000000002,-0.608,,,
1369,0.00476,-0.5720000000000001,,,
1370,0.004799999999999999,-0.584,,,
1371,0.004840000000000004,-0.544,,,
1372,0.004880000000000002,-0.524,,,
1373,0.004920000000000001,-0.512,,,
1374,0.004959999999999999,-0.52,,,
1375,0.0050000000000000044,-0.492,,,
1376,0.005040000000000003,-0.488,,,
1377,0.005080000000000001,-0.484,,,
1378,0.0051199999999999996,-0.488,,,
1379,0.005160000000000005,-0.484,,,
1380,0.005200000000000003,-0.5680000000000001,,,
1381,0.005240000000000002,-0.556,,,
1382,0.00528,-0.616,,,
1383,0.005319999999999998,-0.628,,,
1384,0.005360000000000004,-0.592,,,
1385,0.005400000000000002,-0.552,,,
1386,0.00544,-0.532,,,
1387,0.005479999999999999,-0.548,,,
1388,0.005520000000000004,-0.552,,,
1389,0.0055600000000000024,-0.56,,,
1390,0.005600000000000001,-0.552,,,
1391,0.005639999999999999,-0.504,,,
1392,0.0056800000000000045,-0.488,,,
1393,0.005720000000000003,-0.544,,,
1394,0.005760000000000001,-0.596,,,
1395,0.0058,-0.62,,,
1396,0.005840000000000005,-0.652,,,
1397,0.005880000000000003,-0.628,,,
1398,0.005920000000000002,-0.66,,,
1399,0.00596,-0.624,,,
1400,0.005999999999999998,-0.624,,,
1401,0.006040000000000004,-0.66,,,
1402,0.006080000000000002,-0.672,,,
1403,0.0061200000000000004,-0.6880000000000001,,,
1404,0.006159999999999999,-0.736,,,
1405,0.006200000000000004,-0.6960000000000001,,,
1406,0.0062400000000000025,-0.648,,,
1407,0.006280000000000001,-0.648,,,
1408,0.006319999999999999,-0.64,,,
1409,0.0063600000000000045,-0.612,,,
1410,0.006400000000000003,-0.608,,,
1411,0.006440000000000001,-0.596,,,
1412,0.00648,-0.548,,,
1413,0.006520000000000005,-0.552,,,
1414,0.006560000000000003,-0.5680000000000001,,,
1415,0.006600000000000002,-0.5640000000000001,,,
1416,0.00664,-0.5760000000000001,,,
1417,0.0066799999999999984,-0.616,,,
1418,0.006720000000000004,-0.608,,,
1419,0.006760000000000002,-0.596,,,
1420,0.0068000000000000005,-0.6920000000000001,,,
1421,0.006839999999999999,-0.72,,,
1422,0.006880000000000004,-0.68,,,
1423,0.0069200000000000025,-0.672,,,
1424,0.006960000000000001,-0.668,,,
1425,0.006999999999999999,-0.648,,,
1426,0.007040000000000005,-0.624,,,
1427,0.007080000000000003,-0.628,,,
1428,0.007120000000000001,-0.624,,,
1429,0.00716,-0.66,,,
1430,0.007200000000000005,-0.604,,,
1431,0.007240000000000003,-0.628,,,
1432,0.007280000000000002,-0.624,,,
1433,0.00732,-0.584,,,
1434,0.0073599999999999985,-0.624,,,
1435,0.007400000000000004,-0.648,,,
1436,0.007440000000000002,-0.616,,,
1437,0.0074800000000000005,-0.5680000000000001,,,
1438,0.007519999999999999,-0.5680000000000001,,,
1439,0.007560000000000004,-0.552,,,
1440,0.007600000000000003,-0.5760000000000001,,,
1441,0.007640000000000001,-0.5680000000000001,,,
1442,0.007679999999999999,-0.596,,,
1443,0.007720000000000005,-0.604,,,
1444,0.007760000000000003,-0.608,,,
1445,0.007800000000000001,-0.6,,,
1446,0.00784,-0.608,,,
1447,0.007880000000000005,-0.596,,,
1448,0.007920000000000003,-0.58,,,
1449,0.007960000000000002,-0.592,,,
1450,0.008,-0.628,,,
1451,0.008039999999999999,-0.592,,,
1452,0.008080000000000004,-0.604,,,
1453,0.008120000000000002,-0.616,,,
1454,0.00816,-0.64,,,
1455,0.008199999999999999,-0.656,,,
1456,0.008240000000000004,-0.648,,,
1457,0.008280000000000003,-0.636,,,
1458,0.008320000000000001,-0.636,,,
1459,0.00836,-0.6880000000000001,,,
1460,0.008400000000000005,-0.724,,,
1461,0.008440000000000003,-0.72,,,
1462,0.008480000000000001,-0.728,,,
1463,0.00852,-0.732,,,
1464,0.008560000000000005,-0.6920000000000001,,,
1465,0.008600000000000003,-0.636,,,
1466,0.008640000000000002,-0.616,,,
1467,0.00868,-0.664,,,
1468,0.008719999999999999,-0.648,,,
1469,0.008760000000000004,-0.58,,,
1470,0.008800000000000002,-0.556,,,
1471,0.00884,-0.5760000000000001,,,
1472,0.008879999999999999,-0.652,,,
1473,0.008920000000000004,-0.62,,,
1474,0.008960000000000003,-0.5680000000000001,,,
1475,0.009000000000000001,-0.548,,,
1476,0.00904,-0.552,,,
1477,0.009080000000000005,-0.5680000000000001,,,
1478,0.009120000000000003,-0.5680000000000001,,,
1479,0.009160000000000001,-0.532,,,
1480,0.0092,-0.532,,,
1481,0.009240000000000005,-0.528,,,
1482,0.009280000000000004,-0.496,,,
1483,0.009320000000000002,-0.548,,,
1484,0.00936,-0.504,,,
1485,0.009399999999999999,-0.5,,,
1486,0.009440000000000004,-0.488,,,
1487,0.009480000000000002,-0.492,,,
1488,0.00952,-0.48,,,
1489,0.009559999999999999,-0.456,,,
1490,0.009600000000000004,-0.5,,,
1491,0.009640000000000003,-0.468,,,
1492,0.009680000000000001,-0.5,,,
1493,0.00972,-0.504,,,
1494,0.009760000000000005,-0.47600000000000003,,,
1495,0.009800000000000003,-0.532,,,
1496,0.009840000000000002,-0.5720000000000001,,,
1497,0.00988,-0.556,,,
1498,0.009920000000000005,-0.596,,,
1499,0.009960000000000004,-0.5720000000000001,,,
1500,0.010000000000000002,-0.588,,,
1501,0.01004,-0.5760000000000001,,,
1502,0.010079999999999999,-0.5680000000000001,,,
1503,0.010120000000000004,-0.512,,,
1504,0.010160000000000002,-0.556,,,
1505,0.0102,-0.604,,,
1506,0.010239999999999999,-0.6,,,
1507,0.010280000000000004,-0.5720000000000001,,,
1508,0.010320000000000003,-0.588,,,
1509,0.010360000000000001,-0.5720000000000001,,,
1510,0.0104,-0.556,,,
1511,0.010440000000000005,-0.548,,,
1512,0.010480000000000003,-0.532,,,
1513,0.010520000000000002,-0.536,,,
1514,0.01056,-0.536,,,
1515,0.010600000000000005,-0.5720000000000001,,,
1516,0.010640000000000004,-0.528,,,
1517,0.010680000000000002,-0.54,,,
1518,0.01072,-0.584,,,
1519,0.010759999999999999,-0.652,,,
1520,0.010800000000000004,-0.624,,,
1521,0.010840000000000002,-0.588,,,
1522,0.01088,-0.5680000000000001,,,
1523,0.01092,-0.5720000000000001,,,
1524,0.010960000000000004,-0.5720000000000001,,,
1525,0.011000000000000003,-0.584,,,
1526,0.011040000000000001,-0.56,,,
1527,0.01108,-0.556,,,
1528,0.011120000000000005,-0.544,,,
1529,0.011160000000000003,-0.528,,,
1530,0.011200000000000002,-0.488,,,
1531,0.01124,-0.488,,,
1532,0.011280000000000005,-0.504,,,
1533,0.011320000000000004,-0.512,,,
1534,0.011360000000000002,-0.512,,,
1535,0.0114,-0.508,,,
1536,0.011440000000000006,-0.548,,,
1537,0.011480000000000004,-0.544,,,
1538,0.011520000000000002,-0.536,,,
1539,0.01156,-0.54,,,
1540,0.0116,-0.5760000000000001,,,
1541,0.011640000000000005,-0.588,,,
1542,0.011680000000000003,-0.5680000000000001,,,
1543,0.011720000000000001,-0.584,,,
1544,0.01176,-0.532,,,
1545,0.011800000000000005,-0.524,,,
1546,0.011840000000000003,-0.516,,,
1547,0.011880000000000002,-0.47200000000000003,,,
1548,0.01192,-0.504,,,
1549,0.011960000000000005,-0.516,,,
1550,0.012000000000000004,-0.5720000000000001,,,
1551,0.012040000000000002,-0.548,,,
1552,0.01208,-0.544,,,
1553,0.012120000000000006,-0.616,,,
1554,0.012160000000000004,-0.64,,,
1555,0.012200000000000003,-0.62,,,
1556,0.012240000000000001,-0.608,,,
1557,0.01228,-0.616,,,
1558,0.012320000000000005,-0.588,,,
1559,0.012360000000000003,-0.536,,,
1560,0.012400000000000001,-0.5680000000000001,,,
1561,0.01244,-0.56,,,
1562,0.012480000000000005,-0.592,,,
1563,0.012520000000000003,-0.628,,,
1564,0.012560000000000002,-0.608,,,
1565,0.0126,-0.604,,,
1566,0.012639999999999998,-0.56,,,
1567,0.012679999999999997,-0.5640000000000001,,,
1568,0.012720000000000009,-0.58,,,
1569,0.012760000000000007,-0.556,,,
1570,0.012800000000000006,-0.552,,,
1571,0.012840000000000004,-0.536,,,
1572,0.012880000000000003,-0.516,,,
1573,0.012920000000000001,-0.6,,,
1574,0.01296,-0.584,,,
1575,0.012999999999999998,-0.5640000000000001,,,
1576,0.013039999999999996,-0.552,,,
1577,0.013080000000000008,-0.544,,,
1578,0.013120000000000007,-0.592,,,
1579,0.013160000000000005,-0.616,,,
1580,0.013200000000000003,-0.612,,,
1581,0.013240000000000002,-0.608,,,
1582,0.01328,-0.588,,,
1583,0.013319999999999999,-0.52,,,
1584,0.013359999999999997,-0.5,,,
1585,0.013400000000000009,-0.5,,,
1586,0.013440000000000007,-0.536,,,
1587,0.013480000000000006,-0.588,,,
1588,0.013520000000000004,-0.584,,,
1589,0.013560000000000003,-0.612,,,
1590,0.013600000000000001,-0.596,,,
1591,0.01364,-0.596,,,
1592,0.013679999999999998,-0.5680000000000001,,,
1593,0.013719999999999996,-0.5680000000000001,,,
1594,0.013760000000000008,-0.5760000000000001,,,
1595,0.013800000000000007,-0.592,,,
1596,0.013840000000000005,-0.588,,,
1597,0.013880000000000003,-0.648,,,
1598,0.013920000000000002,-0.68,,,
1599,0.01396,-0.668,,,
1600,0.013999999999999999,-0.652,,,
1601,0.014039999999999997,-0.632,,,
1602,0.01408000000000001,-0.612,,,
1603,0.014120000000000008,-0.588,,,
1604,0.014160000000000006,-0.588,,,
1605,0.014200000000000004,-0.54,,,
1606,0.014240000000000003,-0.52,,,
1607,0.014280000000000001,-0.524,,,
1608,0.01432,-0.532,,,
1609,0.014359999999999998,-0.528,,,
1610,0.014399999999999996,-0.508,,,
1611,0.014440000000000008,-0.48,,,
1612,0.014480000000000007,-0.536,,,
1613,0.014520000000000005,-0.508,,,
1614,0.014560000000000003,-0.456,,,
1615,0.014600000000000002,-0.456,,,
1616,0.01464,-0.468,,,
1617,0.014679999999999999,-0.464,,,
1618,0.014719999999999997,-0.504,,,
1619,0.01476000000000001,-0.536,,,
1620,0.014800000000000008,-0.548,,,
1621,0.014840000000000006,-0.56,,,
1622,0.014880000000000004,-0.548,,,
1623,0.014920000000000003,-0.556,,,
1624,0.014960000000000001,-0.592,,,
1625,0.015,-0.624,,,
1626,0.015039999999999998,-0.62,,,
1627,0.015079999999999996,-0.612,,,
1628,0.015120000000000008,-0.608,,,
1629,0.015160000000000007,-0.6960000000000001,,,
1630,0.015200000000000005,-0.684,,,
1631,0.015240000000000004,-0.652,,,
1632,0.015280000000000002,-0.624,,,
1633,0.01532,-0.62,,,
1634,0.015359999999999999,-0.584,,,
1635,0.015399999999999997,-0.556,,,
1636,0.01544000000000001,-0.556,,,
1637,0.015480000000000008,-0.624,,,
1638,0.015520000000000006,-0.64,,,
1639,0.015560000000000004,-0.5760000000000001,,,
1640,0.015600000000000003,-0.5720000000000001,,,
1641,0.01564,-0.656,,,
1642,0.01568,-0.608,,,
1643,0.015719999999999998,-0.6,,,
1644,0.015759999999999996,-0.6,,,
1645,0.01580000000000001,-0.552,,,
1646,0.015840000000000007,-0.556,,,
1647,0.015880000000000005,-0.524,,,
1648,0.015920000000000004,-0.516,,,
1649,0.015960000000000002,-0.548,,,
1650,0.016,-0.532,,,
1651,0.01604,-0.5640000000000001,,,
1652,0.016079999999999997,-0.5640000000000001,,,
1653,0.01612000000000001,-0.5760000000000001,,,
1654,0.016160000000000008,-0.556,,,
1655,0.016200000000000006,-0.524,,,
1656,0.016240000000000004,-0.5,,,
1657,0.016280000000000003,-0.516,,,
1658,0.01632,-0.484,,,
1659,0.01636,-0.516,,,
1660,0.016399999999999998,-0.536,,,
1661,0.016439999999999996,-0.516,,,
1662,0.01648000000000001,-0.5,,,
1663,0.016520000000000007,-0.488,,,
1664,0.016560000000000005,-0.464,,,
1665,0.016600000000000004,-0.448,,,
1666,0.016640000000000002,-0.448,,,
1667,0.01668,-0.512,,,
1668,0.01672,-0.5,,,
1669,0.016759999999999997,-0.484,,,
1670,0.01680000000000001,-0.492,,,
1671,0.016840000000000008,-0.56,,,
1672,0.016880000000000006,-0.556,,,
1673,0.016920000000000004,-0.54,,,
1674,0.016960000000000003,-0.5640000000000001,,,
1675,0.017,-0.552,,,
1676,0.01704,-0.5,,,
1677,0.017079999999999998,-0.504,,,
1678,0.017119999999999996,-0.492,,,
1679,0.01716000000000001,-0.484,,,
1680,0.017200000000000007,-0.504,,,
1681,0.017240000000000005,-0.488,,,
1682,0.017280000000000004,-0.556,,,
1683,0.017320000000000002,-0.484,,,
1684,0.01736,-0.512,,,
1685,0.0174,-0.548,,,
1686,0.017439999999999997,-0.5640000000000001,,,
1687,0.01748000000000001,-0.532,,,
1688,0.017520000000000008,-0.528,,,
1689,0.017560000000000006,-0.516,,,
1690,0.017600000000000005,-0.47600000000000003,,,
1691,0.017640000000000003,-0.484,,,
1692,0.01768,-0.496,,,
1693,0.01772,-0.556,,,
1694,0.017759999999999998,-0.536,,,
1695,0.017799999999999996,-0.5640000000000001,,,
1696,0.01784000000000001,-0.512,,,
1697,0.017880000000000007,-0.54,,,
1698,0.017920000000000005,-0.484,,,
1699,0.017960000000000004,-0.496,,,
1700,0.018000000000000002,-0.496,,,
1701,0.01804,-0.512,,,
1702,0.01808,-0.556,,,
1703,0.018119999999999997,-0.504,,,
1704,0.01816000000000001,-0.524,,,
1705,0.018200000000000008,-0.52,,,
1706,0.018240000000000006,-0.528,,,
1707,0.018280000000000005,-0.47200000000000003,,,
1708,0.018320000000000003,-0.504,,,
1709,0.01836,-0.516,,,
1710,0.0184,-0.616,,,
1711,0.018439999999999998,-0.58,,,
1712,0.018479999999999996,-0.588,,,
1713,0.01852000000000001,-0.616,,,
1714,0.018560000000000007,-0.628,,,
1715,0.018600000000000005,-0.64,,,
1716,0.018640000000000004,-0.584,,,
1717,0.018680000000000002,-0.592,,,
1718,0.01872,-0.62,,,
1719,0.01876,-0.616,,,
1720,0.018799999999999997,-0.616,,,
1721,0.01884000000000001,-0.616,,,
1722,0.018880000000000008,-0.592,,,
1723,0.018920000000000006,-0.644,,,
1724,0.018960000000000005,-0.644,,,
1725,0.019000000000000003,-0.668,,,
1726,0.01904,-0.66,,,
1727,0.01908,-0.664,,,
1728,0.019119999999999998,-0.66,,,
1729,0.019159999999999996,-0.704,,,
1730,0.01920000000000001,-0.708,,,
1731,0.019240000000000007,-0.656,,,
1732,0.019280000000000005,-0.608,,,
1733,0.019320000000000004,-0.58,,,
1734,0.019360000000000002,-0.532,,,
1735,0.0194,-0.528,,,
1736,0.01944,-0.504,,,
1737,0.019479999999999997,-0.524,,,
1738,0.01952000000000001,-0.52,,,
1739,0.019560000000000008,-0.512,,,
1740,0.019600000000000006,-0.56,,,
1741,0.019640000000000005,-0.584,,,
1742,0.019680000000000003,-0.652,,,
1743,0.01972,-0.66,,,
1744,0.01976,-0.676,,,
1745,0.019799999999999998,-0.636,,,
1746,0.019839999999999997,-0.636,,,
1747,0.01988000000000001,-0.62,,,
1748,0.019920000000000007,-0.64,,,
1749,0.019960000000000006,-0.552,,,
1750,0.020000000000000004,-0.52,,,
1751,0.020040000000000002,-0.544,,,
1752,0.02008,-0.512,,,
1753,0.02012,-0.48,,,
1754,0.020159999999999997,-0.47600000000000003,,,
1755,0.02020000000000001,-0.46,,,
1756,0.020240000000000008,-0.46,,,
1757,0.020280000000000006,-0.448,,,
1758,0.020320000000000005,-0.492,,,
1759,0.020360000000000003,-0.548,,,
1760,0.0204,-0.5760000000000001,,,
1761,0.02044,-0.544,,,
1762,0.020479999999999998,-0.5680000000000001,,,
1763,0.020519999999999997,-0.5640000000000001,,,
1764,0.02056000000000001,-0.592,,,
1765,0.020600000000000007,-0.584,,,
1766,0.020640000000000006,-0.624,,,
1767,0.020680000000000004,-0.616,,,
1768,0.020720000000000002,-0.624,,,
1769,0.02076,-0.592,,,
1770,0.0208,-0.6,,,
1771,0.020839999999999997,-0.62,,,
1772,0.02088000000000001,-0.544,,,
1773,0.020920000000000008,-0.532,,,
1774,0.020960000000000006,-0.56,,,
1775,0.021000000000000005,-0.556,,,
1776,0.021040000000000003,-0.52,,,
1777,0.02108,-0.488,,,
1778,0.02112,-0.508,,,
1779,0.021159999999999998,-0.536,,,
1780,0.021199999999999997,-0.548,,,
1781,0.02124000000000001,-0.584,,,
1782,0.021280000000000007,-0.584,,,
1783,0.021320000000000006,-0.552,,,
1784,0.021360000000000004,-0.588,,,
1785,0.021400000000000002,-0.588,,,
1786,0.02144,-0.5640000000000001,,,
1787,0.02148,-0.5680000000000001,,,
1788,0.021519999999999997,-0.5640000000000001,,,
1789,0.02156000000000001,-0.584,,,
1790,0.021600000000000008,-0.596,,,
1791,0.021640000000000006,-0.604,,,
1792,0.021680000000000005,-0.604,,,
1793,0.021720000000000003,-0.5680000000000001,,,
1794,0.02176,-0.5720000000000001,,,
1795,0.0218,-0.608,,,
1796,0.02184,-0.62,,,
1797,0.021879999999999997,-0.58,,,
1798,0.02192000000000001,-0.584,,,
1799,0.021960000000000007,-0.5720000000000001,,,
1800,0.022000000000000006,-0.584,,,
1801,0.022040000000000004,-0.552,,,
1802,0.022080000000000002,-0.5720000000000001,,,
1803,0.02212,-0.5640000000000001,,,
1804,0.02216,-0.5760000000000001,,,
1805,0.022199999999999998,-0.536,,,
1806,0.02224000000000001,-0.504,,,
1807,0.022280000000000008,-0.516,,,
1808,0.022320000000000007,-0.512,,,
1809,0.022360000000000005,-0.52,,,
1810,0.022400000000000003,-0.524,,,
1811,0.02244,-0.516,,,
1812,0.02248,-0.488,,,
1813,0.02252,-0.48,,,
1814,0.022559999999999997,-0.468,,,
1815,0.02260000000000001,-0.448,,,
1816,0.022640000000000007,-0.47600000000000003,,,
1817,0.022680000000000006,-0.492,,,
1818,0.022720000000000004,-0.46,,,
1819,0.022760000000000002,-0.536,,,
1820,0.0228,-0.56,,,
1821,0.02284,-0.548,,,
1822,0.022879999999999998,-0.54,,,
1823,0.02292000000000001,-0.512,,,
1824,0.022960000000000008,-0.536,,,
1825,0.023000000000000007,-0.552,,,
1826,0.023040000000000005,-0.536,,,
1827,0.023080000000000003,-0.544,,,
1828,0.02312,-0.62,,,
1829,0.02316,-0.62,,,
1830,0.0232,-0.58,,,
1831,0.023239999999999997,-0.548,,,
1832,0.02328000000000001,-0.548,,,
1833,0.023320000000000007,-0.552,,,
1834,0.023360000000000006,-0.548,,,
1835,0.023400000000000004,-0.512,,,
1836,0.023440000000000003,-0.5,,,
1837,0.02348,-0.516,,,
1838,0.02352,-0.5720000000000001,,,
1839,0.023559999999999998,-0.532,,,
1840,0.02360000000000001,-0.536,,,
1841,0.023640000000000008,-0.536,,,
1842,0.023680000000000007,-0.5,,,
1843,0.023720000000000005,-0.488,,,
1844,0.023760000000000003,-0.504,,,
1845,0.0238,-0.484,,,
1846,0.02384,-0.496,,,
1847,0.02388,-0.516,,,
1848,0.023919999999999997,-0.548,,,
1849,0.02396000000000001,-0.532,,,
1850,0.024000000000000007,-0.58,,,
1851,0.024040000000000006,-0.596,,,
1852,0.024080000000000004,-0.56,,,
1853,0.024120000000000003,-0.592,,,
1854,0.02416,-0.5760000000000001,,,
1855,0.0242,-0.5680000000000001,,,
1856,0.024239999999999998,-0.532,,,
1857,0.02428000000000001,-0.5760000000000001,,,
1858,0.02432000000000001,-0.528,,,
1859,0.024360000000000007,-0.48,,,
1860,0.024400000000000005,-0.484,,,
1861,0.024440000000000003,-0.532,,,
1862,0.024480000000000002,-0.544,,,
1863,0.02452,-0.536,,,
1864,0.02456,-0.492,,,
1865,0.024599999999999997,-0.5,,,
1866,0.02464000000000001,-0.532,,,
1867,0.024680000000000007,-0.508,,,
1868,0.024720000000000006,-0.536,,,
1869,0.024760000000000004,-0.54,,,
1870,0.024800000000000003,-0.54,,,
1871,0.02484,-0.532,,,
1872,0.02488,-0.52,,,
1873,0.024919999999999998,-0.532,,,
1874,0.02496000000000001,-0.504,,,
1875,0.02500000000000001,-0.5760000000000001,,,
1876,0.025040000000000007,-0.5640000000000001,,,
1877,0.025080000000000005,-0.5720000000000001,,,
1878,0.025120000000000003,-0.66,,,
1879,0.025160000000000002,-0.656,,,
1880,0.0252,-0.6,,,
1881,0.02524,-0.588,,,
1882,0.025279999999999997,-0.5640000000000001,,,
1883,0.02532000000000001,-0.624,,,
1884,0.025360000000000008,-0.644,,,
1885,0.025400000000000006,-0.664,,,
1886,0.025440000000000004,-0.744,,,
1887,0.025480000000000003,-0.732,,,
1888,0.02552,-0.684,,,
1889,0.02556,-0.68,,,
1890,0.025599999999999998,-0.672,,,
1891,0.02564000000000001,-0.708,,,
1892,0.02568000000000001,-0.66,,,
1893,0.025720000000000007,-0.676,,,
1894,0.025760000000000005,-0.628,,,
1895,0.025800000000000003,-0.612,,,
1896,0.025840000000000002,-0.604,,,
1897,0.02588,-0.5680000000000001,,,
1898,0.02592,-0.524,,,
1899,0.025959999999999997,-0.492,,,
1900,0.02600000000000001,-0.504,,,
1901,0.026040000000000008,-0.48,,,
1902,0.026080000000000006,-0.508,,,
1903,0.026120000000000004,-0.504,,,
1904,0.026160000000000003,-0.46,,,
1905,0.0262,-0.464,,,
1906,0.02624,-0.448,,,
1907,0.026279999999999998,-0.44,,,
1908,0.02632000000000001,-0.42,,,
1909,0.02636000000000001,-0.48,,,
1910,0.026400000000000007,-0.488,,,
1911,0.026440000000000005,-0.508,,,
1912,0.026480000000000004,-0.484,,,
1913,0.026520000000000002,-0.47200000000000003,,,
1914,0.02656,-0.5,,,
1915,0.0266,-0.52,,,
1916,0.026639999999999997,-0.5640000000000001,,,
1917,0.02668000000000001,-0.608,,,
1918,0.026720000000000008,-0.604,,,
1919,0.026760000000000006,-0.624,,,
1920,0.026800000000000004,-0.62,,,
1921,0.026840000000000003,-0.616,,,
1922,0.02688,-0.556,,,
1923,0.02692,-0.556,,,
1924,0.026959999999999998,-0.596,,,
1925,0.02700000000000001,-0.58,,,
1926,0.02704000000000001,-0.5720000000000001,,,
1927,0.027080000000000007,-0.5680000000000001,,,
1928,0.027120000000000005,-0.516,,,
1929,0.027160000000000004,-0.468,,,
1930,0.027200000000000002,-0.46,,,
1931,0.02724,-0.452,,,
1932,0.02728,-0.468,,,
1933,0.027319999999999997,-0.492,,,
1934,0.02736000000000001,-0.484,,,
1935,0.027400000000000008,-0.508,,,
1936,0.027440000000000006,-0.524,,,
1937,0.027480000000000004,-0.528,,,
1938,0.027520000000000003,-0.552,,,
1939,0.02756,-0.556,,,
1940,0.0276,-0.584,,,
1941,0.027639999999999998,-0.5760000000000001,,,
1942,0.02768000000000001,-0.536,,,
1943,0.02772000000000001,-0.512,,,
1944,0.027760000000000007,-0.456,,,
1945,0.027800000000000005,-0.556,,,
1946,0.027840000000000004,-0.532,,,
1947,0.027880000000000002,-0.5720000000000001,,,
1948,0.02792,-0.584,,,
1949,0.02796,-0.6,,,
1950,0.027999999999999997,-0.584,,,
1951,0.02804000000000001,-0.588,,,
1952,0.028080000000000008,-0.628,,,
1953,0.028120000000000006,-0.588,,,
1954,0.028160000000000004,-0.584,,,
1955,0.028200000000000003,-0.584,,,
1956,0.02824,-0.5680000000000001,,,
1957,0.02828,-0.592,,,
1958,0.028319999999999998,-0.592,,,
1959,0.02836000000000001,-0.552,,,
1960,0.02840000000000001,-0.548,,,
1961,0.028440000000000007,-0.54,,,
1962,0.028480000000000005,-0.54,,,
1963,0.028520000000000004,-0.528,,,
1964,0.028560000000000002,-0.508,,,
1965,0.0286,-0.508,,,
1966,0.02864,-0.54,,,
1967,0.028679999999999997,-0.512,,,
1968,0.02872000000000001,-0.504,,,
1969,0.028760000000000008,-0.47200000000000003,,,
1970,0.028800000000000006,-0.528,,,
1971,0.028840000000000005,-0.484,,,
1972,0.028880000000000003,-0.536,,,
1973,0.02892,-0.504,,,
1974,0.02896,-0.5,,,
1975,0.028999999999999998,-0.52,,,
1976,0.02904000000000001,-0.484,,,
1977,0.02908000000000001,-0.448,,,
1978,0.029120000000000007,-0.48,,,
1979,0.029160000000000005,-0.52,,,
1980,0.029200000000000004,-0.5,,,
1981,0.029240000000000002,-0.492,,,
1982,0.02928,-0.46,,,
1983,0.02932,-0.468,,,
1984,0.029359999999999997,-0.452,,,
1985,0.02940000000000001,-0.44,,,
1986,0.029440000000000008,-0.456,,,
1987,0.029480000000000006,-0.47200000000000003,,,
1988,0.029520000000000005,-0.492,,,
1989,0.029560000000000003,-0.54,,,
1990,0.0296,-0.54,,,
1991,0.02964,-0.5640000000000001,,,
1992,0.029679999999999998,-0.5680000000000001,,,
1993,0.02972000000000001,-0.548,,,
1994,0.02976000000000001,-0.54,,,
1995,0.029800000000000007,-0.552,,,
1996,0.029840000000000005,-0.624,,,
1997,0.029880000000000004,-0.664,,,
1998,0.029920000000000002,-0.584,,,
1999,0.02996,-0.6,,,
2000,0.03,-0.624,,,
2001,0.030039999999999997,-0.58,,,
2002,0.03008000000000001,-0.532,,,
2003,0.030120000000000008,-0.552,,,
2004,0.030160000000000006,-0.58,,,
2005,0.030200000000000005,-0.596,,,
2006,0.030240000000000003,-0.6,,,
2007,0.03028,-0.636,,,
2008,0.03032,-0.62,,,
2009,0.030359999999999998,-0.616,,,
2010,0.03040000000000001,-0.624,,,
2011,0.03044000000000001,-0.66,,,
2012,0.030480000000000007,-0.684,,,
2013,0.030520000000000005,-0.684,,,
2014,0.030560000000000004,-0.664,,,
2015,0.030600000000000002,-0.6920000000000001,,,
2016,0.03064,-0.684,,,
2017,0.03068,-0.656,,,
2018,0.030719999999999997,-0.6920000000000001,,,
2019,0.03076000000000001,-0.672,,,
2020,0.030800000000000008,-0.644,,,
2021,0.030840000000000006,-0.668,,,
2022,0.030880000000000005,-0.616,,,
2023,0.030920000000000003,-0.592,,,
2024,0.03096,-0.588,,,
2025,0.031,-0.552,,,
2026,0.031039999999999998,-0.512,,,
2027,0.03108000000000001,-0.596,,,
2028,0.03112000000000001,-0.612,,,
2029,0.031160000000000007,-0.584,,,
2030,0.031200000000000006,-0.5680000000000001,,,
2031,0.031240000000000004,-0.556,,,
2032,0.03128,-0.608,,,
2033,0.03132,-0.584,,,
2034,0.03136,-0.588,,,
2035,0.0314,-0.5760000000000001,,,
2036,0.03144000000000001,-0.58,,,
2037,0.03148000000000001,-0.56,,,
2038,0.031520000000000006,-0.5720000000000001,,,
2039,0.031560000000000005,-0.524,,,
2040,0.0316,-0.528,,,
2041,0.03164,-0.508,,,
2042,0.03168,-0.47600000000000003,,,
2043,0.03172,-0.468,,,
2044,0.03176000000000001,-0.484,,,
2045,0.03180000000000001,-0.492,,,
2046,0.03184000000000001,-0.464,,,
2047,0.031880000000000006,-0.47200000000000003,,,
2048,0.031920000000000004,-0.46,,,
2049,0.03196,-0.47600000000000003,,,
2050,0.032,-0.468,,,
2051,0.03204,-0.484,,,
2052,0.03208,-0.52,,,
2053,0.03212000000000001,-0.512,,,
2054,0.03216000000000001,-0.47600000000000003,,,
2055,0.032200000000000006,-0.5,,,
2056,0.032240000000000005,-0.512,,,
2057,0.03228,-0.48,,,
2058,0.03232,-0.464,,,
2059,0.03236,-0.46,,,
2060,0.0324,-0.46,,,
2061,0.03244000000000001,-0.46,,,
2062,0.03248000000000001,-0.48,,,
2063,0.03252000000000001,-0.524,,,
2064,0.032560000000000006,-0.52,,,
2065,0.032600000000000004,-0.536,,,
2066,0.03264,-0.548,,,
2067,0.03268,-0.516,,,
2068,0.03272,-0.5,,,
2069,0.03276,-0.552,,,
2070,0.03280000000000001,-0.5720000000000001,,,
2071,0.03284000000000001,-0.5680000000000001,,,
2072,0.032880000000000006,-0.5760000000000001,,,
2073,0.032920000000000005,-0.612,,,
2074,0.03296,-0.616,,,
2075,0.033,-0.596,,,
2076,0.03304,-0.584,,,
2077,0.03308,-0.584,,,
2078,0.03312000000000001,-0.612,,,
2079,0.03316000000000001,-0.66,,,
2080,0.03320000000000001,-0.608,,,
2081,0.033240000000000006,-0.556,,,
2082,0.033280000000000004,-0.584,,,
2083,0.03332,-0.58,,,
2084,0.03336,-0.584,,,
2085,0.0334,-0.5720000000000001,,,
2086,0.03344,-0.552,,,
2087,0.03348000000000001,-0.584,,,
2088,0.03352000000000001,-0.5640000000000001,,,
2089,0.033560000000000006,-0.5640000000000001,,,
2090,0.033600000000000005,-0.584,,,
2091,0.03364,-0.528,,,
2092,0.03368,-0.504,,,
2093,0.03372,-0.47600000000000003,,,
2094,0.03376,-0.48,,,
2095,0.03380000000000001,-0.496,,,
2096,0.03384000000000001,-0.46,,,
2097,0.03388000000000001,-0.424,,,
2098,0.033920000000000006,-0.428,,,
2099,0.033960000000000004,-0.41200000000000003,,,
2100,0.034,-0.44,,,
2101,0.03404,-0.436,,,
2102,0.03408,-0.448,,,
2103,0.03412,-0.46,,,
2104,0.03416000000000001,-0.488,,,
2105,0.03420000000000001,-0.48,,,
2106,0.03424000000000001,-0.532,,,
2107,0.034280000000000005,-0.548,,,
2108,0.03432,-0.52,,,
2109,0.03436,-0.544,,,
2110,0.0344,-0.592,,,
2111,0.03444,-0.596,,,
2112,0.03448000000000001,-0.608,,,
2113,0.03452000000000001,-0.612,,,
2114,0.03456000000000001,-0.5640000000000001,,,
2115,0.034600000000000006,-0.556,,,
2116,0.034640000000000004,-0.56,,,
2117,0.03468,-0.56,,,
2118,0.03472,-0.604,,,
2119,0.03476,-0.604,,,
2120,0.0348,-0.604,,,
2121,0.03484000000000001,-0.62,,,
2122,0.03488000000000001,-0.58,,,
2123,0.03492000000000001,-0.5640000000000001,,,
2124,0.034960000000000005,-0.536,,,
2125,0.035,-0.524,,,
2126,0.03504,-0.536,,,
2127,0.03508,-0.528,,,
2128,0.03512,-0.544,,,
2129,0.03516000000000001,-0.6,,,
2130,0.03520000000000001,-0.596,,,
2131,0.03524000000000001,-0.588,,,
2132,0.035280000000000006,-0.6,,,
2133,0.035320000000000004,-0.6,,,
2134,0.03536,-0.62,,,
2135,0.0354,-0.604,,,
2136,0.03544,-0.552,,,
2137,0.03548,-0.508,,,
2138,0.03552000000000001,-0.47600000000000003,,,
2139,0.03556000000000001,-0.508,,,
2140,0.03560000000000001,-0.5,,,
2141,0.035640000000000005,-0.512,,,
2142,0.03568,-0.556,,,
2143,0.03572,-0.5,,,
2144,0.03576,-0.504,,,
2145,0.0358,-0.48,,,
2146,0.03584000000000001,-0.532,,,
2147,0.03588000000000001,-0.5,,,
2148,0.03592000000000001,-0.496,,,
2149,0.035960000000000006,-0.492,,,
2150,0.036000000000000004,-0.48,,,
2151,0.03604,-0.56,,,
2152,0.03608,-0.532,,,
2153,0.03612,-0.556,,,
2154,0.03616,-0.54,,,
2155,0.03620000000000001,-0.552,,,
2156,0.03624000000000001,-0.5760000000000001,,,
2157,0.03628000000000001,-0.552,,,
2158,0.036320000000000005,-0.556,,,
2159,0.03636,-0.548,,,
2160,0.0364,-0.584,,,
2161,0.03644,-0.5720000000000001,,,
2162,0.03648,-0.58,,,
2163,0.03652000000000001,-0.524,,,
2164,0.03656000000000001,-0.536,,,
2165,0.03660000000000001,-0.544,,,
2166,0.036640000000000006,-0.548,,,
2167,0.036680000000000004,-0.516,,,
2168,0.03672,-0.496,,,
2169,0.03676,-0.504,,,
2170,0.0368,-0.524,,,
2171,0.03684,-0.552,,,
2172,0.03688000000000001,-0.584,,,
2173,0.03692000000000001,-0.536,,,
2174,0.03696000000000001,-0.552,,,
2175,0.037000000000000005,-0.516,,,
2176,0.037040000000000003,-0.508,,,
2177,0.03708,-0.536,,,
2178,0.03712,-0.544,,,
2179,0.03716,-0.528,,,
2180,0.03720000000000001,-0.532,,,
2181,0.03724000000000001,-0.548,,,
2182,0.03728000000000001,-0.58,,,
2183,0.037320000000000006,-0.58,,,
2184,0.037360000000000004,-0.556,,,
2185,0.0374,-0.52,,,
2186,0.03744,-0.492,,,
2187,0.03748,-0.548,,,
2188,0.03752,-0.512,,,
2189,0.03756000000000001,-0.548,,,
2190,0.03760000000000001,-0.548,,,
2191,0.03764000000000001,-0.5680000000000001,,,
2192,0.037680000000000005,-0.592,,,
2193,0.037720000000000004,-0.56,,,
2194,0.03776,-0.5720000000000001,,,
2195,0.0378,-0.54,,,
2196,0.03784,-0.548,,,
2197,0.03788000000000001,-0.552,,,
2198,0.03792000000000001,-0.616,,,
2199,0.03796000000000001,-0.636,,,
2200,0.038000000000000006,-0.616,,,
2201,0.038040000000000004,-0.58,,,
2202,0.03808,-0.56,,,
2203,0.03812,-0.588,,,
2204,0.03816,-0.596,,,
2205,0.0382,-0.608,,,
2206,0.03824000000000001,-0.608,,,
2207,0.03828000000000001,-0.584,,,
2208,0.03832000000000001,-0.556,,,
2209,0.038360000000000005,-0.592,,,
2210,0.038400000000000004,-0.628,,,
2211,0.03844,-0.636,,,
2212,0.03848,-0.624,,,
2213,0.03852,-0.628,,,
2214,0.03856000000000001,-0.58,,,
2215,0.03860000000000001,-0.58,,,
2216,0.03864000000000001,-0.5680000000000001,,,
2217,0.038680000000000006,-0.536,,,
2218,0.038720000000000004,-0.532,,,
2219,0.03876,-0.552,,,
2220,0.0388,-0.548,,,
2221,0.03884,-0.532,,,
2222,0.03888,-0.536,,,
2223,0.03892000000000001,-0.528,,,
2224,0.03896000000000001,-0.496,,,
2225,0.03900000000000001,-0.504,,,
2226,0.039040000000000005,-0.488,,,
2227,0.039080000000000004,-0.488,,,
2228,0.03912,-0.548,,,
2229,0.03916,-0.56,,,
2230,0.0392,-0.5720000000000001,,,
2231,0.03924000000000001,-0.608,,,
2232,0.03928000000000001,-0.604,,,
2233,0.03932000000000001,-0.556,,,
2234,0.039360000000000006,-0.536,,,
2235,0.039400000000000004,-0.488,,,
2236,0.03944,-0.492,,,
2237,0.03948,-0.47200000000000003,,,
2238,0.03952,-0.552,,,
2239,0.03956,-0.544,,,
2240,0.03960000000000001,-0.556,,,
2241,0.03964000000000001,-0.584,,,
2242,0.03968000000000001,-0.58,,,
2243,0.039720000000000005,-0.5760000000000001,,,
2244,0.039760000000000004,-0.5760000000000001,,,
2245,0.0398,-0.584,,,
2246,0.03984,-0.588,,,
2247,0.03988,-0.588,,,
2248,0.03992000000000001,-0.5760000000000001,,,
2249,0.03996000000000001,-0.5760000000000001,,,
2250,0.04000000000000001,-0.556,,,
2251,0.040040000000000006,-0.5680000000000001,,,
2252,0.040080000000000005,-0.588,,,
2253,0.04012,-0.54,,,
2254,0.04016,-0.516,,,
2255,0.0402,-0.544,,,
2256,0.04024,-0.512,,,
2257,0.04028000000000001,-0.52,,,
2258,0.04032000000000001,-0.504,,,
2259,0.04036000000000001,-0.504,,,
2260,0.040400000000000005,-0.5,,,
2261,0.040440000000000004,-0.5,,,
2262,0.04048,-0.528,,,
2263,0.04052,-0.5640000000000001,,,
2264,0.04056,-0.592,,,
2265,0.04060000000000001,-0.56,,,
2266,0.04064000000000001,-0.588,,,
2267,0.04068000000000001,-0.5680000000000001,,,
2268,0.040720000000000006,-0.58,,,
2269,0.040760000000000005,-0.58,,,
2270,0.0408,-0.588,,,
2271,0.04084,-0.536,,,
2272,0.04088,-0.552,,,
2273,0.04092,-0.528,,,
2274,0.04096000000000001,-0.532,,,
2275,0.04100000000000001,-0.5640000000000001,,,
2276,0.04104000000000001,-0.58,,,
2277,0.041080000000000005,-0.6,,,
2278,0.041120000000000004,-0.5680000000000001,,,
2279,0.04116,-0.5720000000000001,,,
2280,0.0412,-0.552,,,
2281,0.04124,-0.52,,,
2282,0.04128000000000001,-0.528,,,
2283,0.04132000000000001,-0.528,,,
2284,0.04136000000000001,-0.5,,,
2285,0.041400000000000006,-0.496,,,
2286,0.041440000000000005,-0.524,,,
2287,0.04148,-0.504,,,
2288,0.04152,-0.496,,,
2289,0.04156,-0.47200000000000003,,,
2290,0.0416,-0.468,,,
2291,0.04164000000000001,-0.488,,,
2292,0.04168000000000001,-0.512,,,
2293,0.04172000000000001,-0.536,,,
2294,0.041760000000000005,-0.592,,,
2295,0.041800000000000004,-0.588,,,
2296,0.04184,-0.544,,,
2297,0.04188,-0.604,,,
2298,0.04192,-0.6,,,
2299,0.04196000000000001,-0.616,,,
2300,0.04200000000000001,-0.616,,,
2301,0.04204000000000001,-0.5760000000000001,,,
2302,0.042080000000000006,-0.56,,,
2303,0.042120000000000005,-0.5760000000000001,,,
2304,0.04216,-0.592,,,
2305,0.0422,-0.5720000000000001,,,
2306,0.04224,-0.548,,,
2307,0.04228,-0.552,,,
2308,0.04232000000000001,-0.556,,,
2309,0.04236000000000001,-0.5720000000000001,,,
2310,0.04240000000000001,-0.628,,,
2311,0.042440000000000005,-0.608,,,
2312,0.042480000000000004,-0.668,,,
2313,0.04252,-0.732,,,
2314,0.04256,-0.7000000000000001,,,
2315,0.0426,-0.6920000000000001,,,
2316,0.04264000000000001,-0.684,,,
2317,0.04268000000000001,-0.632,,,
2318,0.04272000000000001,-0.592,,,
2319,0.042760000000000006,-0.548,,,
2320,0.042800000000000005,-0.512,,,
2321,0.04284,-0.504,,,
2322,0.04288,-0.48,,,
2323,0.04292,-0.496,,,
2324,0.04296,-0.488,,,
2325,0.04300000000000001,-0.504,,,
2326,0.04304000000000001,-0.46,,,
2327,0.04308000000000001,-0.484,,,
2328,0.043120000000000006,-0.488,,,
2329,0.043160000000000004,-0.488,,,
2330,0.0432,-0.488,,,
2331,0.04324,-0.492,,,
2332,0.04328,-0.508,,,
2333,0.04332000000000001,-0.496,,,
2334,0.04336000000000001,-0.524,,,
2335,0.04340000000000001,-0.508,,,
2336,0.043440000000000006,-0.56,,,
2337,0.043480000000000005,-0.544,,,
2338,0.04352,-0.556,,,
2339,0.04356,-0.5760000000000001,,,
2340,0.0436,-0.584,,,
2341,0.04364,-0.5720000000000001,,,
2342,0.04368000000000001,-0.54,,,
2343,0.04372000000000001,-0.552,,,
2344,0.04376000000000001,-0.5680000000000001,,,
2345,0.043800000000000006,-0.54,,,
2346,0.043840000000000004,-0.596,,,
2347,0.04388,-0.58,,,
2348,0.04392,-0.604,,,
2349,0.04396,-0.5680000000000001,,,
2350,0.04400000000000001,-0.548,,,
2351,0.04404000000000001,-0.532,,,
2352,0.04408000000000001,-0.516,,,
2353,0.044120000000000006,-0.504,,,
2354,0.044160000000000005,-0.58,,,
2355,0.0442,-0.54,,,
2356,0.04424,-0.548,,,
2357,0.04428,-0.5680000000000001,,,
2358,0.04432,-0.592,,,
2359,0.04436000000000001,-0.6,,,
2360,0.04440000000000001,-0.5760000000000001,,,
2361,0.04444000000000001,-0.58,,,
2362,0.044480000000000006,-0.548,,,
2363,0.044520000000000004,-0.5640000000000001,,,
2364,0.04456,-0.588,,,
2365,0.0446,-0.5720000000000001,,,
2366,0.04464,-0.5680000000000001,,,
2367,0.04468000000000001,-0.56,,,
2368,0.04472000000000001,-0.5720000000000001,,,
2369,0.04476000000000001,-0.54,,,
2370,0.044800000000000006,-0.5720000000000001,,,
2371,0.044840000000000005,-0.5720000000000001,,,
2372,0.04488,-0.556,,,
2373,0.04492,-0.524,,,
2374,0.04496,-0.496,,,
2375,0.045,-0.532,,,
2376,0.04504000000000001,-0.532,,,
2377,0.04508000000000001,-0.524,,,
2378,0.04512000000000001,-0.496,,,
2379,0.045160000000000006,-0.48,,,
2380,0.045200000000000004,-0.492,,,
2381,0.04524,-0.512,,,
2382,0.04528,-0.496,,,
2383,0.04532,-0.488,,,
2384,0.04536000000000001,-0.508,,,
2385,0.04540000000000001,-0.484,,,
2386,0.04544000000000001,-0.524,,,
2387,0.04548000000000001,-0.5680000000000001,,,
2388,0.045520000000000005,-0.544,,,
2389,0.04556,-0.5680000000000001,,,
2390,0.0456,-0.528,,,
2391,0.04564,-0.552,,,
2392,0.04568,-0.56,,,
2393,0.04572000000000001,-0.524,,,
2394,0.04576000000000001,-0.5,,,
2395,0.04580000000000001,-0.524,,,
2396,0.045840000000000006,-0.608,,,
2397,0.045880000000000004,-0.616,,,
2398,0.04592,-0.628,,,
2399,0.04596,-0.616,,,
2400,0.046,-0.636,,,
2401,0.04604000000000001,-0.66,,,
2402,0.04608000000000001,-0.648,,,
2403,0.04612000000000001,-0.584,,,
2404,0.04616000000000001,-0.56,,,
2405,0.046200000000000005,-0.5640000000000001,,,
2406,0.04624,-0.5760000000000001,,,
2407,0.04628,-0.584,,,
2408,0.04632,-0.588,,,
2409,0.04636,-0.584,,,
2410,0.04640000000000001,-0.556,,,
2411,0.04644000000000001,-0.528,,,
2412,0.04648000000000001,-0.532,,,
2413,0.046520000000000006,-0.492,,,
2414,0.046560000000000004,-0.484,,,
2415,0.0466,-0.54,,,
2416,0.04664,-0.556,,,
2417,0.04668,-0.5680000000000001,,,
2418,0.04672000000000001,-0.544,,,
2419,0.04676000000000001,-0.556,,,
2420,0.04680000000000001,-0.544,,,
2421,0.04684000000000001,-0.54,,,
2422,0.046880000000000005,-0.536,,,
2423,0.04692,-0.528,,,
2424,0.04696,-0.492,,,
2425,0.047,-0.5,,,
2426,0.04704,-0.492,,,
2427,0.04708000000000001,-0.47600000000000003,,,
2428,0.04712000000000001,-0.456,,,
2429,0.04716000000000001,-0.464,,,
2430,0.047200000000000006,-0.492,,,
2431,0.047240000000000004,-0.556,,,
2432,0.04728,-0.5760000000000001,,,
2433,0.04732,-0.548,,,
2434,0.04736,-0.508,,,
2435,0.04740000000000001,-0.484,,,
2436,0.04744000000000001,-0.5640000000000001,,,
2437,0.04748000000000001,-0.5680000000000001,,,
2438,0.04752000000000001,-0.588,,,
2439,0.047560000000000005,-0.58,,,
2440,0.0476,-0.556,,,
2441,0.04764,-0.528,,,
2442,0.04768,-0.52,,,
2443,0.04772,-0.556,,,
2444,0.04776000000000001,-0.544,,,
2445,0.04780000000000001,-0.584,,,
2446,0.04784000000000001,-0.56,,,
2447,0.047880000000000006,-0.512,,,
2448,0.047920000000000004,-0.516,,,
2449,0.04796,-0.508,,,
2450,0.048,-0.5,,,
2451,0.04804,-0.52,,,
2452,0.04808000000000001,-0.536,,,
2453,0.04812000000000001,-0.528,,,
2454,0.04816000000000001,-0.584,,,
2455,0.04820000000000001,-0.536,,,
2456,0.048240000000000005,-0.56,,,
2457,0.04828,-0.612,,,
2458,0.04832,-0.612,,,
2459,0.04836,-0.596,,,
2460,0.0484,-0.548,,,
2461,0.04844000000000001,-0.5760000000000001,,,
2462,0.04848000000000001,-0.532,,,
2463,0.04852000000000001,-0.52,,,
2464,0.048560000000000006,-0.508,,,
2465,0.048600000000000004,-0.528,,,
2466,0.04864,-0.512,,,
2467,0.04868,-0.5680000000000001,,,
2468,0.04872,-0.588,,,
2469,0.04876000000000001,-0.5760000000000001,,,
2470,0.04880000000000001,-0.6,,,
2471,0.04884000000000001,-0.548,,,
2472,0.04888000000000001,-0.5760000000000001,,,
2473,0.048920000000000005,-0.5680000000000001,,,
2474,0.048960000000000004,-0.548,,,
2475,0.049,-0.592,,,
2476,0.04904,-0.552,,,
2477,0.04908,-0.584,,,
2478,0.04912000000000001,-0.596,,,
2479,0.04916000000000001,-0.596,,,
2480,0.04920000000000001,-0.592,,,
2481,0.049240000000000006,-0.6,,,
2482,0.049280000000000004,-0.5760000000000001,,,
2483,0.04932,-0.596,,,
2484,0.04936,-0.592,,,
2485,0.0494,-0.604,,,
2486,0.04944000000000001,-0.5680000000000001,,,
2487,0.04948000000000001,-0.552,,,
2488,0.04952000000000001,-0.56,,,
2489,0.04956000000000001,-0.632,,,
2490,0.049600000000000005,-0.5760000000000001,,,
2491,0.049640000000000004,-0.5760000000000001,,,
2492,0.04968,-0.544,,,
2493,0.04972,-0.544,,,
2494,0.04976,-0.556,,,
2495,0.04980000000000001,-0.552,,,
2496,0.04984000000000001,-0.58,,,
2497,0.04988000000000001,-0.548,,,
2498,0.049920000000000006,-0.5640000000000001,,,
2499,0.049960000000000004,-0.548,,,
